Date,Open,High,Low,Close,Volume,Dividends,Stock Splits
2021-08-09,20.93998169459794,21.386700786512932,20.00931588107425,20.288515090942383,5916660,0.0,0.0
2021-08-10,20.707317726658655,21.116811045069568,20.474651675503672,20.75385093688965,674091,0.0,0.0
2021-08-11,20.85622436650156,21.870649401127764,20.567717755591765,21.405317306518555,135921,0.0,0.0
2021-08-12,21.498384606199643,21.498384606199643,20.47465217548826,20.763158798217773,183870,0.0,0.0
2021-08-13,21.023742481395015,22.335981369018555,20.577023352591063,22.335981369018555,1149567,0.0,0.0
2021-08-16,22.99675733811434,23.471395006124492,22.187076288552877,22.373210906982422,198917,0.0,0.0
2021-08-17,22.429047779993127,23.45278008134347,20.939983423769927,22.335981369018555,106129,0.0,0.0
2021-08-18,21.358784506547444,22.335983704591822,21.0609705357837,21.21918487548828,156284,0.0,0.0
2021-08-19,20.967904346697843,21.731048583984375,20.521183423553865,21.731048583984375,312670,0.0,0.0
2021-08-20,21.73104791705378,23.396939522506703,21.414622831992265,22.335981369018555,70619,0.0,0.0
2021-08-23,22.717556269004742,22.73616919663259,21.82411793656575,22.605876922607422,51259,0.0,0.0
2021-08-24,22.335983211659908,22.80131530492105,21.637983291137985,21.870649337768555,246464,0.0,0.0
2021-08-25,21.870649337768555,22.261529720612085,21.405317244507412,21.870649337768555,258301,0.0,0.0
2021-08-26,21.870648739556202,23.45278137462956,21.870648739556202,22.708250045776367,121777,0.0,0.0
2021-08-27,22.801313227015235,24.88600544448368,22.792007654376167,23.88088607788086,182566,0.0,0.0
2021-08-30,24.355526478137325,24.606807220380347,23.983260822227805,24.36483383178711,125990,0.0,0.0
2021-08-31,24.653342464254433,25.770141304884216,24.2996897057952,25.258275985717773,445081,0.0,0.0
2021-09-01,25.751528118229494,25.965581242040507,24.439289093017578,24.439289093017578,189588,0.0,0.0
2021-09-02,24.383445505515976,24.886005183547926,23.154967479635676,23.759899139404297,108436,0.0,0.0
2021-09-03,23.722674981729597,24.662648274595085,22.59656885718425,24.569580078125,46544,0.0,0.0
2021-09-06,24.671953201293945,24.8953136618349,24.206619353657818,24.671953201293945,8024,0.0,0.0
2021-09-08,24.67195484047446,24.67195484047446,22.57795683856399,22.99675750732422,107533,0.0,0.0
2021-09-09,22.894383090469834,24.234540563221522,22.894383090469834,24.188007354736328,21767,0.0,0.0
2021-09-10,24.19731676423574,24.19731676423574,22.754783617391883,23.452783584594727,85665,0.0,0.0
2021-09-13,23.45278137462956,23.825048819686316,22.708250045776367,22.708250045776367,77540,0.0,0.0
2021-09-14,22.615180087399494,22.615180087399494,21.77758240768546,22.32667350769043,285485,0.0,0.0
2021-09-15,22.810623528706657,23.490010547526204,21.889264880544133,22.19638442993164,355503,0.0,0.0
2021-09-16,22.44766153060606,23.12704849243164,21.926488897752805,23.12704849243164,210754,0.0,0.0
2021-09-17,23.080513891439267,23.713365827221253,21.82411559237458,23.061899185180664,261310,0.0,0.0
2021-09-20,22.33598384734353,22.94091736642968,21.870649960208745,22.736169815063477,40224,0.0,0.0
2021-09-21,23.238728212036442,23.238728212036442,22.531422738878074,23.173582077026367,26281,0.0,0.0
2021-09-22,23.164273495070276,23.3783265964378,22.1963817525567,22.335981369018555,188886,0.0,0.0
2021-09-23,22.429047269685263,22.652407719320355,22.07539455990222,22.32667350769043,99609,0.0,0.0
2021-09-24,22.317369302804494,22.95022127794043,21.8148095958009,22.66171646118164,59083,0.0,0.0
2021-09-27,22.335983276367188,22.60587695961866,20.72593031163285,21.405317306518555,259404,0.0,0.0
2021-09-28,21.40531554292753,21.40531554292753,20.483955222504132,21.098196029663086,1660753,0.0,0.0
2021-09-29,21.21918446867487,21.870649401127764,20.474651336669922,20.474651336669922,144648,0.0,0.0
2021-09-30,20.586331119385186,21.37739747761032,20.102386086864954,20.949291229248047,4742717,0.0,0.0
2021-10-01,21.498382886387716,21.498382886387716,20.344358268418762,20.84691619873047,36613,0.0,0.0
2021-10-04,20.474650108524564,20.66078293520331,19.7580373013073,19.906944274902344,25880,0.0,0.0
2021-10-05,19.97209206402429,20.939985692011188,19.050731646565207,19.125186920166016,67710,0.0,0.0
2021-10-06,18.70638509809902,20.14891631666543,18.576092828860062,19.4136905670166,96298,0.0,0.0
2021-10-07,20.45603781675777,20.735237065439772,19.59051800908736,20.074464797973633,58782,0.0,0.0
2021-10-08,20.84691338283521,22.317366463175652,19.767342399046925,20.36296844482422,58682,0.0,0.0
2021-10-11,20.37227756360381,20.744543239291175,19.823184623586815,20.474651336669922,40826,0.0,0.0
2021-10-13,20.31643854331155,20.474651097504548,19.543985138527066,20.35366439819336,104624,0.0,0.0
2021-10-14,20.39089149841766,20.93998441760626,19.86971707934242,20.61425018310547,54368,0.0,0.0
2021-10-15,20.28851849882624,20.623558319196956,19.906945468994603,20.474651336669922,175243,0.0,0.0
2021-10-18,20.42811651559004,20.586329059149392,19.823183059692383,19.823183059692383,109138,0.0,0.0
2021-10-19,19.664971177222288,19.981398055608583,19.13449118888088,19.488143920898438,51259,0.0,0.0
2021-10-20,19.627743892262675,19.906944921986458,19.441611059533596,19.8045711517334,15046,0.0,0.0
2021-10-21,19.516063935066615,19.655663555223697,18.52025188677533,19.63705062866211,37516,0.0,0.0
2021-10-22,19.422999458845602,20.06515884399414,17.924627560165675,20.06515884399414,84261,0.0,0.0
2021-10-25,20.12099740304409,20.53979626351534,19.2461720483483,19.63705062866211,315077,0.0,0.0
2021-10-26,19.553290690519308,19.553290690519308,18.91113139826336,19.385770797729492,38720,0.0,0.0
2021-10-27,19.702195493661,19.702195493661,19.050728860901106,19.06934356689453,78443,0.0,0.0
2021-10-28,18.84598388423478,19.516063469508023,18.52025144497198,18.89251708984375,86167,0.0,0.0
2021-10-29,19.07864992497824,19.07864992497824,17.831558945449714,18.65985107421875,139232,0.0,0.0
2021-11-01,18.613318129754326,19.395077063852785,18.120065786923767,18.548171997070312,275254,0.0,0.0
2021-11-03,19.07864953654961,19.24617121019886,18.48302344810684,18.613317489624023,253787,0.0,0.0
2021-11-04,18.873903792028358,19.45091695472011,17.785025377718465,18.613317489624023,241048,0.0,0.0
2021-11-05,18.808759208937836,19.53467939861756,18.56678581237793,18.56678581237793,297723,0.0,0.0
2021-11-08,18.250359294799345,19.54398536682129,18.250359294799345,19.54398536682129,108035,0.0,0.0
2021-11-09,19.543985260313992,19.543985260313992,18.417879104614258,18.417879104614258,105427,0.0,0.0
2021-11-10,18.43649213264303,18.604012042828387,17.682653427124023,17.682653427124023,40826,0.0,0.0
2021-11-11,17.710572867441876,18.101453232845834,17.124252319335938,17.124252319335938,55672,0.0,0.0
2021-11-12,17.952545270737684,18.920436996720916,17.198704861836188,18.613317489624023,360719,0.0,0.0
2021-11-16,18.380652658371858,19.078650774033967,17.449986723525562,17.980464935302734,494133,0.0,0.0
2021-11-17,18.07353231499984,19.54398374899942,17.45929150807932,18.89251708984375,290300,0.0,0.0
2021-11-18,18.73430467504027,20.055850928508445,18.669158542868132,18.85529136657715,235129,0.0,0.0
2021-11-19,19.087957251040613,19.888329099154223,18.98558526715729,19.162410736083984,235129,0.0,0.0
2021-11-22,19.823183882379855,20.47465057110403,19.04142492428894,19.218252182006836,378875,0.0,0.0
2021-11-23,19.07864993799752,19.26478454131438,17.794331324702572,18.42718505859375,292307,0.0,0.0
2021-11-24,18.71569138940855,19.05073120977927,17.682653427124023,17.682653427124023,321196,0.0,0.0
2021-11-25,17.691960781268296,18.32481278606286,17.366226534411634,17.682653427124023,214365,0.0,0.0
2021-11-26,17.22662690602887,18.566786187511735,17.17078634242368,17.682653427124023,408367,0.0,0.0
2021-11-29,18.324811190566386,18.920437288184594,17.738492446282077,17.961851119995117,405959,0.0,0.0
2021-11-30,18.222438937040817,18.697080164446085,15.839934349060059,15.839934349060059,2151877,0.0,0.0
2021-12-01,16.026065531717133,16.212198349570013,14.090281198976172,15.225693702697754,970912,0.0,0.0
2021-12-02,15.774788246837183,16.053987503051758,15.272228517272817,16.053987503051758,579398,0.0,0.0
2021-12-03,16.333187770083963,17.496519730111643,16.007453539222517,17.431373596191406,336444,0.0,0.0
2021-12-06,17.589587041934266,17.999080354353797,16.51932144165039,16.51932144165039,156987,0.0,0.0
2021-12-07,16.789212143914032,17.2824644859911,16.603079319026843,17.07771873474121,87270,0.0,0.0
2021-12-08,17.58958587981562,18.185211991083627,17.124252034427748,17.543052673339844,340556,0.0,0.0
2021-12-09,17.31969346008142,17.63612035526262,16.910200145252265,17.608200073242188,122680,0.0,0.0
2021-12-10,18.147985723301048,18.222439215391514,17.329000871566418,18.07353401184082,576188,0.0,0.0
2021-12-13,18.5574782411726,19.004197393868054,18.213132858276367,18.213132858276367,145651,0.0,0.0
2021-12-14,18.799451882645045,18.85529244520417,17.961852347409057,18.33411979675293,217876,0.0,0.0
2021-12-15,18.40857251003787,18.762225236522724,17.999079223349582,18.473718643188477,183369,0.0,0.0
2021-12-16,18.89251671624286,18.939049920931634,18.213131571660757,18.650545120239258,246966,0.0,0.0
2021-12-17,18.79014365449082,18.79014365449082,17.682652273213918,17.812946319580078,2915948,0.0,0.0
2021-12-20,17.701266049900475,19.450918612882028,17.35692066194662,18.10145378112793,216170,0.0,0.0
2021-12-21,17.878093076892682,18.352732511250966,17.543053266683287,17.943239212036133,99408,0.0,0.0
2021-12-22,17.785026821888966,17.906011739409742,17.124252768716758,17.636119842529297,102618,0.0,0.0
2021-12-23,17.58027777960342,17.589585132755317,16.947425842285156,16.947425842285156,106931,0.0,0.0
2021-12-27,17.301080763367846,17.96185306394636,16.993961218301347,17.72918701171875,226302,0.0,0.0
2021-12-28,18.045613529297338,18.045613529297338,17.598892581716235,17.682653427124023,132511,0.0,0.0
2021-12-29,17.91708941070887,18.28486162487124,17.71905807968007,18.00196075439453,105627,0.247834,0.0
2021-12-30,18.105689757969785,18.360301981511647,17.596467115123783,17.794498443603516,326011,0.0,0.0
2022-01-03,17.54931634880573,17.907657794946996,16.747762116937338,17.068384170532227,198616,0.0,0.0
2022-01-04,16.879783630371094,16.879783630371094,16.483720986717326,16.879783630371094,134116,0.0,0.0
2022-01-05,17.351286930853014,17.351286930853014,15.757609042538421,15.82361888885498,207544,0.0,0.0
2022-01-06,16.059369294604902,16.059369294604902,15.380405810789862,15.795328140258789,240446,0.0,0.0
2022-01-07,15.5595755065976,15.842478158813314,15.012633506325738,15.691596984863281,391214,0.0,0.0
2022-01-10,15.814187420888606,15.814187420888606,14.833462514695656,15.097503662109375,171231,0.0,0.0
2022-01-11,15.370974560869985,15.370974560869985,14.66372155630938,14.710871696472168,119270,0.0,0.0
2022-01-12,14.890042898912782,15.069214519962834,14.45626087346278,14.663722038269043,797173,0.0,0.0
2022-01-13,14.531701890496066,15.069214965293373,14.173360442043752,14.616571426391602,126793,0.0,0.0
2022-01-14,14.550562405889718,15.07864472735411,14.333670485875238,14.607141494750977,366838,0.0,0.0
2022-01-17,14.673152367049125,14.946623378367415,13.777297840915596,14.050768852233887,67710,0.0,0.0
2022-01-18,13.918748380796881,14.031908357328692,12.683412171806642,13.022893905639648,152974,0.0,0.0
2022-01-19,13.202064535081242,13.48496537670457,12.824862510798022,13.013463973999023,6231337,0.0,0.0
2022-01-20,13.324656168856032,14.258230994507867,13.164345139737893,13.673567771911621,703182,0.0,0.0
2022-01-21,13.673568271492744,14.258231515450401,13.550977533106856,14.201650619506836,2265329,0.0,0.0
2022-01-24,14.61657150973622,14.61657150973622,13.588697301624167,14.14507007598877,939214,0.0,0.0
2022-01-25,14.14506982544368,15.135224623012856,14.04133879016151,14.974913597106934,363227,0.0,0.0
2022-01-26,15.370975385882426,15.833047866821289,14.824033369790333,15.833047866821289,290902,0.0,0.0
2022-01-27,16.502580185140197,16.8043425339127,15.531285105855414,16.361129760742188,970812,0.0,0.0
2022-01-28,17.256983787952365,17.256983787952365,15.578436631895501,16.031078338623047,301335,0.0,0.0
2022-01-31,15.899059152657935,16.73833465576172,15.889630205803737,16.73833465576172,443877,0.0,0.0
2022-02-01,16.7383338022899,17.172115854123863,15.616157474498108,15.89905834197998,574884,0.0,0.0
2022-02-02,16.26682758519275,16.785480885211967,15.455842720401552,16.172527313232422,364430,0.0,0.0
2022-02-03,16.530871651029628,16.97408445155193,15.94621022161777,16.078229904174805,101414,0.0,0.0
2022-02-04,16.03107900748408,16.672321301749378,15.465275497289587,16.568592071533203,935503,0.0,0.0
2022-02-07,16.568593750705965,16.92693522830957,15.82361854224842,16.257402420043945,163306,0.0,0.0
2022-02-08,16.068797708654312,16.530870164528555,15.804756563045824,16.21967887878418,244257,0.0,0.0
2022-02-09,16.21968033730208,16.313980626053596,15.804757984252774,16.078229904174805,419903,0.0,0.0
2022-02-10,15.946208622258084,16.20081901550293,15.540715256211136,16.20081901550293,292206,0.0,0.0
2022-02-11,16.20081792550353,16.210248674493386,15.795326390975802,16.191387176513672,204434,0.0,0.0
2022-02-14,16.191390935425435,16.304552732625115,15.842480205360655,16.276262283325195,253486,0.0,0.0
2022-02-15,16.342270498593777,17.25698471069336,16.323410802354516,17.25698471069336,270639,0.0,0.0
2022-02-16,17.539886104455377,17.539886104455377,16.33284024882894,16.45543098449707,291404,0.0,0.0
2022-02-17,16.323410933405636,16.964653240352288,15.474706553448545,15.84247875213623,295617,0.0,0.0
2022-02-18,15.861337991233615,16.172529287539742,15.238955398621359,15.701027870178223,250176,0.0,0.0
2022-02-21,15.701027856866435,16.23853911135533,15.380405810789862,15.795328140258789,137526,0.0,0.0
2022-02-22,15.795327565250004,16.304550159573687,15.314395415761673,15.748175621032715,194704,0.0,0.0
2022-02-23,15.908487602462111,16.00278788278974,15.182374000549316,15.182374000549316,232320,0.0,0.0
2022-02-24,15.059783659800736,15.795328030222139,14.39025002856541,15.597296714782715,208547,0.0,0.0
2022-02-25,15.606725001888153,15.719886779785156,15.276674026242794,15.719886779785156,138931,0.0,0.0
2022-03-02,15.635016228357513,22.632111335055935,15.22952464857908,15.701027870178223,264219,0.0,0.0
2022-03-03,16.09708852805007,16.115948223695646,15.455844442199647,15.682168006896973,328218,0.0,0.0
2022-03-04,15.502998241466157,15.84248002063103,15.012635270619603,15.399267196655273,175745,0.0,0.0
2022-03-07,15.154084785186013,15.370975808385326,14.041339221948203,14.069629669189453,414385,0.0,0.0
2022-03-08,14.097919002949839,14.550561612464994,13.475535527631349,13.95646858215332,188685,0.0,0.0
2022-03-09,14.126209175955715,14.786312973355152,13.95646920469969,14.776883125305176,242352,0.0,0.0
2022-03-10,14.899473256590579,15.154084571820412,14.079059319334062,14.522272109985352,501255,0.0,0.0
2022-03-11,14.692012134140235,14.824033618439062,13.390666911005445,13.673567771911621,384493,0.0,0.0
2022-03-14,13.682997096509807,14.267660296729854,13.371805800575371,14.003618240356445,565354,0.0,0.0
2022-03-15,14.0884883491404,14.267659965911971,13.682996779248247,13.871598243713379,103120,0.0,0.0
2022-03-16,13.720716552114117,14.211080373379007,13.296365275017601,13.909318923950195,343164,0.0,0.0
2022-03-17,14.229940203415094,14.663722234675179,13.73014743160208,14.49398136138916,195105,0.0,0.0
2022-03-18,14.758022402002949,15.106934895964189,14.36196066819145,15.05035400390625,316582,0.0,0.0
2022-03-21,15.154084540187553,15.352115863436996,14.927763672273073,14.9937744140625,195907,0.0,0.0
2022-03-22,15.106934591687528,15.220093667167767,14.82403284345235,15.022063255310059,203130,0.0,0.0
2022-03-23,15.012633095564617,15.559575080871582,14.918332815485401,15.559575080871582,171933,0.0,0.0
2022-03-24,15.644447413625002,15.936779022216797,15.286105965613737,15.936779022216797,221487,0.0,0.0
2022-03-25,16.068798886373113,16.229110817974806,15.47470671627104,15.86133861541748,196610,0.0,0.0
2022-03-28,15.927348287684287,16.266830039660114,15.635016678803009,16.040508270263672,186779,0.0,0.0
2022-03-29,16.191389370248476,16.66289260311327,15.965069406202517,16.313980102539062,222590,0.0,0.0
2022-03-30,16.63460180762087,16.63460180762087,15.550146740288321,15.616156578063965,386800,0.0,0.0
2022-03-31,15.748176688607952,15.889628922373817,15.088074684143066,15.088074684143066,110242,0.0,0.0
2022-04-01,15.172944800528619,15.908489227294922,15.012634668445692,15.908489227294922,1409072,0.0,0.0
2022-04-04,16.144239290779844,16.31398016659967,15.748176645787689,15.936779022216797,128097,0.0,0.0
2022-04-05,16.172528705624043,16.172528705624043,15.399264965584425,15.559575080871582,147357,0.0,0.0
2022-04-06,15.889627865386394,15.889627865386394,14.701441810455691,15.559575080871582,241950,0.0,0.0
2022-04-07,15.616156045134673,15.616156045134673,15.088073752476022,15.191802978515625,154780,0.0,0.0
2022-04-08,15.144655373215835,15.20123446172076,14.82403332140399,14.974913597106934,126191,0.0,0.0
2022-04-11,15.12579495980653,15.18237495112184,14.635432028011055,14.899473190307617,197412,0.0,0.0
2022-04-12,15.559575080871582,15.889627865386394,15.050353388020058,15.559575080871582,334939,0.0,0.0
2022-04-13,15.682168653246674,15.682168653246674,15.088074684143066,15.088074684143066,176848,0.0,0.0
2022-04-14,15.144654465450053,15.418124554092941,14.880612420088553,15.267243385314941,73026,0.0,0.0
2022-04-18,15.01263427734375,15.182375155695679,14.626002376888676,15.01263427734375,147758,0.0,0.0
2022-04-19,15.050354389178448,15.323825400023383,14.635432046686486,15.088074684143066,211556,0.0,0.0
2022-04-20,15.20123369576733,15.502996036205792,15.088073720221686,15.182374000549316,91784,0.0,0.0
2022-04-22,15.436987236012016,15.436987236012016,14.399681376491115,14.522272109985352,78644,0.0,0.0
2022-04-25,14.1450695089409,14.78631269609764,13.9658987908757,14.559991836547852,474673,0.0,0.0
2022-04-26,14.588280970862824,14.635431111024518,14.088488222182574,14.23936939239502,209048,0.0,0.0
2022-04-27,14.475121318118674,14.550561904907227,14.079058688538165,14.550561904907227,132310,0.0,0.0
2022-04-28,14.437400692452211,14.55056157003068,13.871598108797423,14.333669662475586,147557,0.0,0.0
2022-04-29,14.75802182502417,14.805172867268642,13.862167358398438,13.862167358398438,265223,0.0,0.0
2022-05-02,13.993178629410595,13.993178629410595,13.20201141199559,13.268735885620117,119370,0.156952,0.0
2022-05-03,13.230607831800093,13.535636204504932,13.106689001021358,13.202011108398438,170830,0.0,0.0
2022-05-04,13.087625281901877,13.716745909117423,13.030431834420229,13.630956649780273,211355,0.0,0.0
2022-05-05,14.031307172581933,14.20288477983523,12.792128877482398,13.440314292907715,188585,0.0,0.0
2022-05-06,13.449846887883114,13.650022140628026,12.858854891196167,13.182947158813477,135219,0.0,0.0
2022-05-09,12.973239322669848,12.973239322669848,12.448971828398136,12.658679008483887,232120,0.0,0.0
2022-05-10,12.677743072332108,13.383121945310817,12.677743072332108,13.287799835205078,422009,0.0,0.0
2022-05-11,13.535636370348126,14.012242353646498,13.24967186848378,13.821599960327148,992379,0.0,0.0
2022-05-12,13.812068521192929,13.897856871772472,13.440314746549907,13.726279258728027,81753,0.0,0.0
2022-05-13,13.955049746406143,14.374464103818534,13.754874504939929,14.202884674072266,153075,0.0,0.0
2022-05-16,14.460251758488864,14.507912354292044,14.012241610807811,14.250545501708984,204534,0.0,0.0
2022-05-17,14.155224047696612,14.822474243326889,14.155224047696612,14.5841703414917,107032,0.0,0.0
2022-05-18,14.631831967632712,14.87013495947616,14.374464189310594,14.403060913085938,122179,0.0,0.0
2022-05-19,14.107564395982196,14.555574565311268,14.107564395982196,14.39352798461914,111646,0.0,0.0
2022-05-20,14.736684806680314,14.936860969602057,14.298207465710142,14.536510467529297,121276,0.0,0.0
2022-05-23,14.574637898378363,15.146565966291487,14.574637898378363,15.060776710510254,110141,0.0,0.0
2022-05-24,14.851070604930593,15.003586165539792,14.29820728302002,14.29820728302002,210954,0.0,0.0
2022-05-25,14.298206788406826,14.517445904449279,14.231481403927013,14.39352798461914,131909,0.0,0.0
2022-05-26,14.069435713423738,15.337208897731943,14.069435713423738,14.96545696258545,131307,0.0,0.0
2022-05-27,14.898731953224303,15.442063331604004,14.898731953224303,15.442063331604004,125890,0.0,0.0
2022-05-30,15.337208390207769,15.499255877173002,14.908263022108077,15.070308685302734,208446,0.0,0.0
2022-05-31,15.051244605464733,15.089373264484331,14.098031777515864,14.250545501708984,189287,0.0,0.0
2022-06-01,14.66042856219127,14.66042856219127,14.0599046259318,14.17428970336914,154078,0.0,0.0
2022-06-02,14.031307052620548,15.079842033109706,14.031307052620548,14.96545696258545,149363,0.0,0.0
2022-06-03,15.232356984160363,15.270485645734116,14.317270930160994,14.641364097595215,216371,0.0,0.0
2022-06-06,14.974988637866032,14.974988637866032,14.136160850524902,14.136160850524902,93490,0.0,0.0
2022-06-07,13.316396087973075,14.183820602462127,13.316396087973075,13.964581489562988,206540,0.0,0.0
2022-06-08,13.44031470471094,14.164756552705747,13.44031470471094,13.916921615600586,84361,0.0,0.0
2022-06-09,14.126628298411605,14.336335477624669,13.66908527904807,13.812067985534668,125890,0.0,0.0
2022-06-10,13.907388657263809,14.031307492674548,12.973239629887168,13.306864738464355,198516,0.0,0.0
2022-06-13,13.202011367326548,13.287799715443436,12.59195460995196,12.677742958068848,1059989,0.0,0.0
2022-06-14,12.820725280426297,12.887449751818393,12.410842867460111,12.591954231262207,115658,0.0,0.0
2022-06-15,12.744468060938468,13.430782125747651,12.534760884259516,13.392653465270996,195506,0.0,0.0
2022-06-17,13.71674545504231,13.71674545504231,12.877917675894782,12.954174995422363,130304,0.0,0.0
2022-06-20,12.582421410739963,13.287799345856442,12.410842895507812,12.410842895507812,145651,0.0,0.0
2022-06-21,12.420375181864042,13.182946584758366,12.420375181864042,12.868386268615723,140034,0.0,0.0
2022-06-22,12.725403336431803,13.335460083244348,12.725403336431803,13.020899772644043,82054,0.0,0.0
2022-06-23,13.516571182054236,13.545167904956124,13.154350280761719,13.154350280761719,101615,0.0,0.0
2022-06-24,13.316396404719725,13.545168372053293,12.649147113043469,12.858854293823242,119671,0.0,0.0
2022-06-27,13.344992929149933,13.440314124838228,12.811192591901923,12.820725440979004,176748,0.0,0.0
2022-06-28,12.820725817556937,13.507039905687977,12.458503986662587,13.297331809997559,255392,0.0,0.0
2022-06-29,13.344992637634277,13.630956218452406,13.173414124389282,13.344992637634277,91885,0.0,0.0
2022-06-30,13.554699475257532,13.916921303004207,12.877918242364748,13.078092575073242,264922,0.0,0.0
2022-07-01,12.963706970214844,13.306863997204864,12.868385776469903,12.963706970214844,127997,0.0,0.0
2022-07-04,13.44031504205648,13.44031504205648,12.792129590501998,12.811193466186523,136523,0.0,0.0
2022-07-05,13.16388316473508,13.621425292767613,12.677743399858137,13.354525566101074,227506,0.0,0.0
2022-07-06,13.802536627737105,13.85972825371628,13.325928801953005,13.535636901855469,134216,0.0,0.0
2022-07-07,13.802535893680744,14.021775007701311,13.468910798129107,13.78347110748291,104524,0.0,0.0
2022-07-08,13.869260061455533,14.641364330763327,13.735811111650191,14.29820728302002,231919,0.0,0.0
2022-07-11,14.098031865737235,14.107563802580465,13.67861661389707,13.888323783874512,150667,0.0,0.0
2022-07-12,13.993178343212207,14.71762107218587,13.66908518345347,14.574638366699219,202428,0.0,0.0
2022-07-13,14.879667248674597,14.984521297073755,14.250546605821034,14.669960975646973,99107,0.0,0.0
2022-07-14,14.965457107414835,14.965457107414835,14.298206904729591,14.612767219543457,105427,0.0,0.0
2022-07-15,14.974988501855734,15.01311716164566,14.20288428096636,14.698555946350098,216170,0.0,0.0
2022-07-18,15.06077751266989,15.06077751266989,14.42212494062537,14.631832122802734,136724,0.0,0.0
2022-07-19,14.765281342994765,14.765281342994765,14.260078620839057,14.29820728302002,204434,0.0,0.0
2022-07-20,14.29820632103331,14.879666328430176,14.069435275224658,14.879666328430176,164911,0.0,0.0
2022-07-21,14.307738555615424,15.10843768854561,14.307738555615424,14.936860084533691,71622,0.0,0.0
2022-07-22,15.31814521908114,15.480192713480108,14.851070258128184,15.203760147094727,140435,0.0,0.0
2022-07-25,15.375338748812057,16.023523258546632,15.203760228033689,15.604110717773438,308657,0.0,0.0
2022-07-26,15.985395659809829,16.261826406505136,15.670835339375753,16.033056259155273,183469,0.0,0.0
2022-07-27,16.309489304795896,16.347617055874824,15.737560272216797,15.737560272216797,131608,0.0,0.0
2022-07-28,15.537384494565444,16.185570831168757,15.537384494565444,16.013992309570312,150466,0.0,0.0
2022-07-29,16.30948867227442,17.062527228929874,15.756623536676232,16.795625686645508,178052,0.0,0.0
2022-08-01,17.157849641004248,17.253170845521637,16.233232498168945,16.233232498168945,135119,0.0,0.0
2022-08-02,16.395276563152763,16.643112399949008,16.166506424395163,16.299955368041992,91584,0.0,0.0
2022-08-03,16.509661797944382,16.767030486338566,16.376212852960506,16.719369888305664,56675,0.0,0.0
2022-08-04,16.709836596891,17.234104985146487,16.50013033585116,17.01486587524414,129000,0.0,0.0
2022-08-05,17.03393043679257,17.348490752935213,16.776563568592465,17.157848358154297,110743,0.0,0.0
2022-08-08,17.329426332402242,17.643986638637468,17.052993774414062,17.052993774414062,122781,0.0,0.0
2022-08-09,17.07206038943172,17.243637089531248,16.738434367379735,17.234106063842773,114455,0.0,0.0
2022-08-10,17.424747372231906,17.558198137454053,16.86235123606757,17.01486587524414,212760,0.0,0.0
2022-08-11,17.300830386299374,17.338959960029396,16.290423127128808,16.8146915435791,175243,0.0,0.0
2022-08-12,16.87188380164148,17.34848976135254,16.633578998015395,17.34848976135254,214365,0.0,0.0
2022-08-15,16.9290763901548,17.348490752935213,16.89094864070688,17.157848358154297,123984,0.0,0.0
2022-08-16,17.167378748880353,17.215041169583962,16.481066517799054,16.643112182617188,259505,0.0,0.0
2022-08-17,16.566855699386732,16.910012744141905,16.26182640459516,16.423873901367188,684323,0.0,0.0
2022-08-18,16.48106590267686,16.948140829450143,16.04258769775019,16.519193649291992,241449,0.0,0.0
2022-08-19,16.49059833848582,16.49059833848582,15.442063331604004,15.442063331604004,144648,0.0,0.0
2022-08-22,15.213291892290393,15.499256392415132,14.584170356770091,15.165631294250488,195807,0.0,0.0
2022-08-23,15.537385028275635,16.09978121151273,15.041714233234549,15.356273651123047,530145,0.0,0.0
2022-08-24,15.37533837684676,15.956798398814724,15.260952395133332,15.928201675415039,270539,0.0,0.0
2022-08-25,15.947266513020383,16.91001319885254,15.871011011042665,16.91001319885254,351892,0.0,0.0
2022-08-26,16.719370804103512,17.04346398274173,16.328553149318545,16.52872657775879,235932,0.0,0.0
2022-08-29,16.214166098850107,17.005334250742315,16.176038348196112,16.871885299682617,461130,0.0,0.0
2022-08-30,16.84328811812991,17.014866638962264,16.404809878643967,16.77656364440918,177350,0.0,0.0
2022-08-31,16.528725009998343,17.1006539872432,16.528725009998343,16.967205047607422,289197,0.0,0.0
2022-09-01,16.538257598876953,16.833754019703964,16.23323015323746,16.538257598876953,206139,0.0,0.0
2022-09-02,16.576388994502445,16.95767379947398,16.566856144869863,16.91001319885254,293711,0.0,0.0
2022-09-05,16.81469093692539,17.157847969261443,16.566855099819282,17.091121673583984,269034,0.0,0.0
2022-09-06,16.967205258898325,17.072059301182577,16.47153359403161,16.624048233032227,285786,0.0,0.0
2022-09-08,16.652647086463773,16.890950100535655,16.35715061950631,16.681241989135742,256596,0.0,0.0
2022-09-09,16.58591868053136,17.405683498277483,16.58591868053136,17.01486587524414,1114859,0.0,0.0
2022-09-12,17.07205826505017,17.310361234169008,16.957671380856752,17.195974349975586,198816,0.0,0.0
2022-09-13,16.814691387836795,16.948142158999776,16.38574599779922,16.39527702331543,157889,0.0,0.0
2022-09-14,16.471533896577544,16.786094205437486,16.147440738690996,16.690773010253906,114053,0.0,0.0
2022-09-15,16.728903115552527,16.910012662663018,16.46200339578127,16.805158615112305,125088,0.0,0.0
2022-09-16,16.690773702753678,16.805158776965683,16.395277255916184,16.433406829833984,113953,0.0,0.0
2022-09-19,16.33808433084641,16.747967688810537,16.204635377281473,16.547792434692383,158190,0.0,0.0
2022-09-20,16.500129543098268,16.757498212314708,16.328551038210808,16.471532821655273,82054,0.0,0.0
2022-09-21,16.709836809061915,16.87188429915857,16.433406073786355,16.671709060668945,103019,0.0,0.0
2022-09-22,16.719371296316865,17.405685424804688,16.528727064359632,17.405685424804688,198917,0.0,0.0
2022-09-23,17.35802337848644,17.701178590407384,17.014866342794853,17.501005172729492,122881,0.0,0.0
2022-09-26,17.45334620723576,17.45334620723576,16.852820426716946,17.04346466064453,179858,0.0,0.0
2022-09-27,16.68123961859651,17.043462337035976,16.547790679188758,16.585918426513672,201023,0.0,0.0
2022-09-28,16.72890297085132,16.995802688313955,16.442937554892975,16.75749969482422,144347,0.0,0.0
2022-09-29,16.69077254362778,16.72890211489759,16.26182535352318,16.604982376098633,160096,0.0,0.0
2022-09-30,16.66217734611275,17.1387851760979,16.45247106813255,16.91001319885254,306751,0.0,0.0
2022-10-03,16.986269610813924,17.24363647557035,16.652645424411354,17.110187530517578,326011,0.0,0.0
2022-10-04,18.463751723492294,18.673457989343405,17.453344495479087,17.491472244262695,365835,0.0,0.0
2022-10-05,17.45334557194438,17.59632737435751,17.215042567922495,17.31036376953125,98405,0.0,0.0
2022-10-06,17.45334518223589,17.634456555511004,17.243637084362522,17.624923706054688,219280,0.0,0.0
2022-10-07,17.434277871139756,17.52960088557611,17.12925042576324,17.30082893371582,388906,0.0,0.0
2022-10-10,17.453343901941743,17.901354965652068,17.453343901941743,17.758371353149414,209550,0.0,0.0
2022-10-11,17.60586103120976,18.23498172017938,17.5772643046619,17.872760772705078,128799,0.0,0.0
2022-10-13,18.082466524108128,18.082466524108128,17.45334585382156,17.767906188964844,195607,0.0,0.0
2022-10-14,17.77743898398978,17.882291212867155,17.2341066687031,17.35802459716797,114655,0.0,0.0
2022-10-17,17.377087476906482,17.77743796496293,17.119718784935717,17.157848358154297,118969,0.0,0.0
2022-10-18,17.348490454828635,17.558198544500666,17.091121767280345,17.48194122314453,1123085,0.0,0.0
2022-10-19,17.129251936304268,17.596326906018053,17.129251936304268,17.224573135375977,97602,0.0,0.0
2022-10-20,17.27223388865763,17.567730337918512,17.072060463087652,17.253170013427734,1333337,0.0,0.0
2022-10-21,17.643986313540893,18.15872184801543,17.300829290557868,18.139657974243164,151068,0.0,0.0
2022-10-24,17.98714362348172,18.11106154063421,17.786968386253033,17.81556510925293,85565,0.0,0.0
2022-10-25,17.567728738648682,18.282639496739282,17.443810825279098,17.710710525512695,140134,0.0,0.0
2022-10-26,17.31989208941999,17.653518066696613,16.290421084362126,16.385744094848633,90480,0.0,0.0
2022-10-27,16.338084825031164,17.04346466064453,16.338084825031164,17.04346466064453,114053,0.0,0.0
2022-10-28,16.88141529336497,17.825098037719727,16.662176181081545,17.825098037719727,115658,0.0,0.0
2022-10-31,17.453344226585426,18.682990550586503,17.234105115030786,18.19685173034668,115057,0.0,0.0
2022-11-01,18.07293402931335,18.51141412568784,17.71071308548041,18.234981536865234,56174,0.0,0.0
2022-11-03,18.044336574463873,18.56860312792072,17.853694191388655,18.492345809936523,51860,0.0,0.0
2022-11-04,18.473282525603963,18.854569127686403,17.825098037719727,17.825098037719727,112348,0.0,0.0
2022-11-07,17.596325645937366,18.072931607165945,16.338082625506914,16.967205047607422,255894,0.0,0.0
2022-11-08,16.938608847239465,17.386618099848175,16.576387940787733,16.690773010253906,3334146,0.0,0.0
2022-11-09,16.88141488032394,17.52006832738668,16.82422143546829,16.967205047607422,1683724,0.0,0.0
2022-11-10,16.624048983795564,16.890948702214885,15.489723812685439,15.623172760009766,246364,0.0,0.0
2022-11-11,15.527852646305746,16.013991461116262,15.032180070782054,15.842412948608398,209951,0.0,0.0
2022-11-14,16.00446046490177,16.347617529640004,15.82335090637207,15.82335090637207,101615,0.0,0.0
2022-11-16,15.632704778423378,16.271358228337586,14.832005665722061,15.060776710510254,287191,0.0,0.0
2022-11-17,14.202884660565543,15.165631294250488,14.202884660565543,15.165631294250488,165914,0.0,0.0
2022-11-18,15.251420934674707,16.34761654078885,15.137034949385924,15.442063331604004,187883,0.0,0.0
2022-11-21,15.44206262538577,16.11884565681213,15.18469485417032,15.88054084777832,245060,0.0,0.0
2022-11-22,15.918668578572966,15.994925898528251,15.384869162656566,15.489723205566406,106129,0.0,0.0
2022-11-23,15.880540907830115,15.880540907830115,15.241888357778478,15.508787155151367,96900,0.0,0.0
2022-11-24,15.604111771887684,15.975863738878449,15.470660991702461,15.82335090637207,50055,0.0,0.0
2022-11-25,16.176038184570324,16.176038184570324,15.156099891529713,15.270485877990723,113251,0.0,0.0
2022-11-28,15.175162795124582,15.556449392250677,14.889198303222656,14.889198303222656,114655,0.0,0.0
2022-11-29,15.098906215395283,15.813817024230957,14.79387783463635,15.813817024230957,106430,0.0,0.0
2022-11-30,15.537384897741338,16.033056600503507,15.47066042199127,15.918669700622559,451902,0.0,0.0
2022-12-01,15.775687413934929,16.528725970707743,15.213292164619704,16.39527702331543,157689,0.0,0.0
2022-12-02,16.366680299225457,16.700306315247577,16.14744117956323,16.39527702331543,78443,0.0,0.0
2022-12-05,16.233230439112827,16.490597293910675,15.737558779477775,16.19510269165039,131809,0.0,0.0
2022-12-06,16.128376868976616,16.128376868976616,15.728026390075684,15.728026390075684,100511,0.0,0.0
2022-12-07,15.756623233130117,16.118845966207655,15.728026509595507,15.947265625,69716,0.0,0.0
2022-12-08,15.956798352843448,15.966331201872755,15.632705194865103,15.728026390075684,159093,0.0,0.0
2022-12-09,15.585045093688862,16.013992309570312,15.546917343898398,16.013992309570312,115357,0.0,0.0
2022-12-12,15.756622913524607,16.004458747436637,15.26095215758585,15.489723205566406,281272,0.0,0.0
2022-12-13,15.50878707961258,15.918668578572966,15.241888283539677,15.489723205566406,231618,0.0,0.0
2022-12-14,15.480192786378216,15.480192786378216,14.784345854404945,15.032180786132812,104223,0.0,0.0
2022-12-15,14.917795830201094,15.337209285879913,14.660428047180176,14.660428047180176,153676,0.0,0.0
2022-12-16,14.441189040276354,14.746217424951396,14.298207241427681,14.488849639892578,96399,0.0,0.0
2022-12-19,14.250546216811436,15.556449890136719,14.221949493140416,15.556449890136719,181563,0.0,0.0
2022-12-20,15.499257006628765,16.442937979477986,15.203760557563001,15.871010780334473,277461,0.0,0.0
2022-12-21,17.157848429375125,17.167379454891336,15.747092513615625,16.39527702331543,469256,0.0,0.0
2022-12-22,16.080716704078068,16.4810671937518,15.975862657016725,16.004459381103516,138028,0.0,0.0
2022-12-23,16.204635723294206,16.58592054021634,15.804285206509329,15.82335090637207,127395,0.0,0.0
2022-12-26,15.623172414141578,15.985395146050195,15.260952417888904,15.346741676330566,70117,0.0,0.0
2022-12-27,15.401902790113024,15.557086138490915,15.101235748511996,15.31461238861084,61691,0.276014,0.0
2022-12-28,15.217623500135172,16.21661376953125,15.217623500135172,16.21661376953125,68011,0.0,0.0
2022-12-29,15.983837735907134,16.38149388754171,15.644375801086426,15.644375801086426,229612,0.0,0.0
2023-01-02,16.100226075608077,16.100226075608077,14.819966302952439,15.324310302734375,103019,0.0,0.0
2023-01-03,15.207924028071318,15.353407716469105,14.839364051818848,14.839364051818848,108135,0.0,0.0
2023-01-04,14.936353883233926,15.013944625854492,14.635686856074647,15.013944625854492,147758,0.0,0.0
2023-01-05,15.20792411324175,15.20792411324175,14.878159970950176,15.159429550170898,276959,0.0,0.0
2023-01-06,15.334009335928235,15.489192679172051,15.013944850289713,15.091536521911621,79546,0.0,0.0
2023-01-09,14.839364356904932,15.149730121905987,14.742375229312383,14.984848976135254,85264,0.0,0.0
2023-01-10,15.072137766076787,15.634675979614258,14.596890876828976,15.634675979614258,225600,0.0,0.0
2023-01-11,15.828656863680031,16.381494522094727,15.460096878334395,16.381494522094727,156485,0.0,0.0
2023-01-12,16.245709524605886,16.303901884550168,15.809256618767856,16.00323486328125,342262,0.0,0.0
2023-01-13,15.90624624330074,16.119623803549676,15.644375976075086,15.974138259887695,110743,0.0,0.0
2023-01-16,15.915946392473893,16.16811886841016,15.518290224039706,16.129323959350586,120072,0.0,0.0
2023-01-17,16.119622963062223,16.342698310802028,15.935342521154183,16.16811752319336,232120,0.0,0.0
2023-01-18,16.16811902616501,16.992528480713464,16.16811902616501,16.585172653198242,317786,0.0,0.0
2023-01-19,16.585172204522305,16.701558785371052,16.391193951213396,16.682161331176758,53265,0.0,0.0
2023-01-20,16.507581033383307,16.86644229744948,16.44938866903317,16.653064727783203,54268,0.0,0.0
2023-01-23,16.68216037098618,16.856741160052284,16.46878467576444,16.556074142456055,85063,0.0,0.0
2023-01-24,16.711258440309688,16.86644178523001,16.575472549583665,16.682161331176758,108737,0.0,0.0
2023-01-25,17.002225653960302,17.613259372725917,16.653064059146512,17.555065155029297,95496,0.0,0.0
2023-01-26,17.75874351672257,17.81693588022862,17.24470076616258,17.45807647705078,78142,0.0,0.0
2023-01-27,17.545365781310476,17.622957454254877,17.244700600215026,17.574462890625,86568,0.0,0.0
2023-01-30,17.574462666602543,17.89452715361646,17.21560327145244,17.622957229614258,177751,0.0,0.0
2023-01-31,17.690849032089478,18.427968978881836,17.690849032089478,18.427968978881836,109138,0.0,0.0
2023-02-01,18.301883486087554,18.301883486087554,17.846033096313477,17.846033096313477,184673,0.0,0.0
2023-02-02,17.836335566583234,18.117603302001953,17.409582280123566,18.117603302001953,112749,0.0,0.0
2023-02-03,18.02061379170732,18.030313446799834,17.351387693765176,17.45807647705078,61791,0.0,0.0
2023-02-06,17.419279488378884,17.836334961066104,17.293195107895517,17.50657081604004,120574,0.0,0.0
2023-02-07,17.55506537951302,17.778140742625332,17.399882034126286,17.50657081604004,48350,0.0,0.0
2023-02-08,17.535667205058548,17.91392589802225,17.419278772957156,17.836334228515625,366437,0.0,0.0
2023-02-09,17.76844114514451,18.040011072608426,17.574462890625,17.574462890625,236032,0.0,0.0
2023-02-10,17.32229113487436,18.321279451140768,17.32229113487436,18.0012149810791,190190,0.0,0.0
2023-02-13,18.09820544905608,18.602550399751152,17.875130083276797,18.2145938873291,155582,0.0,0.0
2023-02-14,18.621947739897895,19.058400669375914,17.933324192303658,18.39887237548828,305146,0.0,0.0
2023-02-15,18.369774598149434,18.796527857085945,18.243690221517422,18.544355392456055,549204,0.0,0.0
2023-02-16,18.43766930363553,18.728636688749447,18.15639971794894,18.534658432006836,200823,0.0,0.0
2023-02-17,18.398872716403748,18.46676473578213,18.166099548339844,18.166099548339844,52763,0.0,0.0
2023-02-22,18.427969717513015,18.437669372659663,17.603560267587614,18.09820556640625,183970,0.0,0.0
2023-02-23,18.14669898065556,18.28248486568757,17.215602661543997,17.51626968383789,64801,0.0,0.0
2023-02-24,17.34168973181617,17.34168973181617,16.653064330143323,16.75005531311035,52663,0.0,0.0
2023-02-27,16.49788098907842,16.905236808337836,16.46878573543103,16.81794548034668,81252,0.0,0.0
2023-02-28,16.876138918033167,17.10891392622117,16.77914979520889,17.079816818237305,113452,0.0,0.0
2023-03-01,17.34168910071498,17.34168910071498,16.62396661583978,16.963430404663086,81352,0.0,0.0
2023-03-02,16.87613862621527,17.07011872419247,16.74035459888239,16.808246612548828,80048,0.0,0.0
2023-03-03,16.866441110664443,17.099214263052286,16.75975233333832,16.82764434814453,148962,0.0,0.0
2023-03-06,16.827645468094758,17.312592969930044,16.72095853935108,16.837345123291016,154278,0.0,0.0
2023-03-07,16.720958547597657,16.75005565751775,16.003236021845503,16.585172653198242,197613,0.0,0.0
2023-03-08,16.556074295260455,17.448375701904297,16.556074295260455,17.448375701904297,100913,0.0,0.0
2023-03-09,17.351386681754583,17.535667127983203,17.264097213745117,17.264097213745117,56575,0.0,0.0
2023-03-10,17.39988144874894,18.04001040732988,16.449387665518994,16.45908546447754,112348,0.0,0.0
2023-03-13,16.12932334407317,16.41059106323323,15.877150877756405,16.090526580810547,180058,0.0,0.0
2023-03-14,16.236010106471042,16.25540756006819,15.159429163634229,15.324310302734375,244659,0.0,0.0
2023-03-15,15.043042236068803,15.576484292409624,14.878160162796942,15.363106727600098,159194,0.0,0.0
2023-03-16,15.237021500039141,15.770462631386286,15.237021500039141,15.430999755859375,108336,0.0,0.0
2023-03-17,15.159429663996084,15.518289990119795,14.887859737623625,15.29521369934082,98505,0.0,0.0
2023-03-20,15.275816827652712,15.33400918904952,14.664784043205627,14.829665184020996,168322,0.0,0.0
2023-03-21,14.81026823569943,14.965451582753243,14.61628997972367,14.800568580627441,180460,0.0,0.0
2023-03-22,15.1497302378679,15.178827347504985,14.68418205072358,14.994546890258789,142040,0.0,0.0
2023-03-23,14.955751643383172,15.05274076952736,14.325321395604467,14.528998374938965,77340,0.0,0.0
2023-03-24,14.68418144116082,14.965451015066028,14.470804810976635,14.887859344482422,122379,0.0,0.0
2023-03-27,15.033342558285225,15.08183804974943,14.625988594991052,14.66478443145752,111947,0.0,0.0
2023-03-28,14.664784264721446,15.15942955032226,14.461106357548646,14.907257080078125,108737,0.0,0.0
2023-03-29,15.353407512301127,15.353407512301127,14.645385605869016,14.887859344482422,114455,0.0,0.0
2023-03-30,15.334009477796558,15.430999532142023,15.023643716278938,15.353407859802246,131207,0.0,0.0
2023-03-31,15.624976798946184,15.624976798946184,15.023643660162731,15.159429550170898,205136,0.0,0.0
2023-04-03,15.052740851442508,15.663773648454132,14.955751724770517,15.227322578430176,841310,0.0,0.0
2023-04-04,15.159429826574446,15.857752104232189,15.1206339898421,15.430999755859375,137225,0.0,0.0
2023-04-05,15.702568070610461,15.72196737989053,15.256418287302894,15.324310302734375,58782,0.0,0.0
2023-04-06,15.654073939389027,15.654073939389027,15.324310724276133,15.605579376220703,106329,0.0,0.0
2023-04-10,15.624976347269753,15.721967326290677,15.363106085393719,15.508590698242188,135119,0.0,0.0
2023-04-11,15.430999168674234,16.07112905863729,15.430999168674234,15.518289566040039,7672409,0.0,0.0
2023-04-12,15.237020518463334,16.488182229154738,15.130331742361943,16.371795654296875,661853,0.0,0.0
2023-04-13,16.478485850424207,16.614269890179028,16.14872169494629,16.14872169494629,259906,0.0,0.0
2023-04-14,16.206913668940686,16.206913668940686,15.751065139969713,16.061429977416992,117263,0.0,0.0
2023-04-17,16.022635070706002,16.129323853443818,15.741365486980392,15.935343742370605,60287,0.0,0.0
2023-04-18,16.071128950574458,16.071128950574458,15.595881131684942,15.702568054199219,461532,0.0,0.0
2023-04-19,15.392203923940487,15.60557963427287,15.130332721796377,15.178827285766602,572175,0.0,0.0
2023-04-20,15.188526358125593,15.518289566040039,15.110933759771973,15.518289566040039,86267,0.0,0.0
2023-04-24,15.624976544213725,15.624976544213725,15.15942930302821,15.334009170532227,391615,0.0,0.0
2023-04-25,15.217623120112046,15.353408084775566,15.013945209196015,15.304913520812988,114154,0.0,0.0
2023-04-26,15.382505259281565,15.382505259281565,14.897558689765354,14.994546890258789,85966,0.0,0.0
2023-04-27,14.95575125542429,15.14003077588625,14.790869188551396,15.072137832641602,48450,0.0,0.0
2023-04-28,15.169128113003019,15.877150952992302,14.926655300273657,15.401902198791504,239944,0.0,0.0
2023-05-02,15.392203778817127,15.54738712433192,15.256418815412431,15.421300888061523,118668,0.0,0.0
2023-05-03,15.615279289340117,15.615279289340117,15.169128558540857,15.178827285766602,121978,0.0,0.0
2023-05-04,15.411600787125463,15.615278690259496,15.198225084979244,15.518289566040039,178955,0.0,0.0
2023-05-05,15.721967590141075,15.915945840072483,15.498892231583364,15.906246185302734,171331,0.0,0.0
2023-05-08,15.915945840072483,16.11962374477364,15.780159951710727,15.906246185302734,92888,0.0,0.0
2023-05-09,16.05172970442151,16.14872068405305,15.508590795877598,15.896546363830566,106630,0.0,0.0
2023-05-10,15.712267173414379,16.206912429025127,15.586180945936848,16.16811752319336,148761,0.0,0.0
2023-05-11,15.974137455993294,16.71125736928112,15.915945097139971,16.672462463378906,174842,0.0,0.0
2023-05-12,16.672464222486045,16.672464222486045,16.27480618877582,16.28450584411621,302338,0.0,0.0
2023-05-15,16.48818262631222,16.48818262631222,15.964440243311914,16.274805068969727,212659,0.0,0.0
2023-05-16,16.478484874879292,16.478484874879292,15.886848618826399,16.022634506225586,121276,0.0,0.0
2023-05-17,16.13902049103004,16.672462510636098,16.022633917310642,16.488182067871094,139533,0.0,0.0
2023-05-18,16.51727945797732,16.65306348702726,16.274804796360314,16.507579803466797,88474,0.0,0.0
2023-05-19,16.5075804759865,16.953731199354625,16.332999677464933,16.362096786499023,90079,0.0,0.0
2023-05-22,16.51728030056098,16.526978099883312,16.02263500894927,16.245710372924805,139533,0.0,0.0
2023-05-23,16.206914168442243,16.594872546812077,16.206914168442243,16.28450584411621,168422,0.0,0.0
2023-05-24,16.245709816316594,16.35239673930491,16.08082682097323,16.274805068969727,89878,0.0,0.0
2023-05-25,16.546375218583744,16.730655670166016,16.420290840169976,16.730655670166016,76637,0.0,0.0
2023-05-26,16.953731817625147,16.973129272460938,16.48818362315096,16.973129272460938,101515,0.0,0.0
2023-05-29,16.78885039564201,16.934334088074923,16.536677919818434,16.70155906677246,93791,0.0,0.0
2023-05-30,16.75975227355957,16.84704174147294,16.400892891707084,16.75975227355957,133614,0.0,0.0
2023-05-31,16.604569882662137,16.798548138587226,16.497881099630135,16.6336669921875,47447,0.0,0.0
2023-06-01,16.51728044903138,17.45807647705078,16.439688775340304,17.45807647705078,203732,0.0,0.0
2023-06-02,17.399882654522013,17.458076875037708,17.002226477591872,17.293195724487305,240546,0.0,0.0
2023-06-05,17.225301914774565,17.225301914774565,16.876140301706286,17.108915328979492,33102,0.0,0.0
2023-06-06,17.186505727951822,17.778140124008594,17.00222527975701,17.719945907592773,161501,0.0,0.0
2023-06-07,17.448376219972296,18.524958103728707,17.419279111381645,18.427968978881836,132009,0.0,0.0
2023-06-09,18.524957506847745,18.893516540527344,18.408570931918103,18.893516540527344,101414,0.0,0.0
2023-06-12,18.777131296146226,19.271776594251396,18.505561364945013,19.106895446777344,132912,0.0,0.0
2023-06-13,19.310571162648166,20.358057815486752,19.029303436960763,19.591840744018555,234427,0.0,0.0
2023-06-14,19.591840190312297,20.377454693817384,19.465753957791307,20.057390213012695,220584,0.0,0.0
2023-06-15,20.474445127916454,20.50354038247418,19.95070271063161,20.270767211914062,652424,0.0,0.0
2023-06-16,20.008896725098023,20.231970238053393,19.679132571902937,19.814916610717773,454008,0.0,0.0
2023-06-19,19.65973236867285,19.989496506892248,19.504549026489258,19.504549026489258,69315,0.0,0.0
2023-06-20,19.533645807541,20.067087841470475,19.533645807541,19.92160415649414,48149,0.0,0.0
2023-06-21,19.87310958756691,20.008895473571574,19.620937124760328,19.669431686401367,44638,0.0,0.0
2023-06-22,19.543345956421074,19.611237973323853,19.213581815391493,19.38816261291504,345873,0.0,0.0
2023-06-23,19.203884623986404,19.756724142920994,19.203884623986404,19.426959991455078,191795,0.0,0.0
2023-06-26,19.59183977474471,19.611237228025047,19.213581085205078,19.213581085205078,46343,0.0,0.0
2023-06-27,19.494850591298786,19.494850591298786,18.9517107670615,19.145689010620117,82455,0.0,0.0
2023-06-28,19.058399854360214,19.16508863233197,18.408571243286133,18.408571243286133,20162,0.0,0.0
2023-06-29,18.56375416183089,19.12629143570827,18.476462839375177,19.009904861450195,175444,0.0,0.0
2023-06-30,19.26207733154297,19.42696033805918,18.854723354283685,19.26207733154297,205136,0.0,0.0
2023-07-03,19.349366919795255,19.756722716049723,19.14568902166802,19.39786148071289,231719,0.0,0.0
2023-07-04,19.329969477432726,19.805215432419622,19.329969477432726,19.650033950805664,237938,0.0,0.0
2023-07-05,19.650035178351732,20.08648810980415,19.582141304241198,20.047691345214844,86267,0.0,0.0
2023-07-06,20.105882627804093,20.105882627804093,19.436658423204296,19.78582000732422,83458,0.0,0.0
2023-07-07,19.8634109992362,20.183475494384766,19.756724071308692,20.183475494384766,79847,0.0,0.0
2023-07-10,20.19317430783353,20.804206162979046,20.01859351269439,20.37745475769043,490522,0.0,0.0
2023-07-11,20.38715289595116,20.852702927857205,19.78582068551772,20.716917037963867,638481,0.0,0.0
2023-07-12,20.746014314655447,21.007884585997292,20.44534727916627,20.60053062438965,308457,0.0,0.0
2023-07-13,20.484141222450816,21.6189154376017,20.464743769132618,21.483131408691406,164309,0.0,0.0
2023-07-14,21.18246435699301,21.201863665966286,20.406549524231636,20.726613998413086,495537,0.0,0.0
2023-07-17,20.73631433029758,21.599518658905616,20.464744408312097,21.337648391723633,272746,0.0,0.0
2023-07-18,21.18246566363164,21.357046465379877,20.959390297824612,21.1242733001709,137526,0.0,0.0
2023-07-19,20.86240123688067,20.93029511132799,20.53263708680932,20.687820434570312,97402,0.0,0.0
2023-07-20,20.7169177529657,21.1436710357666,20.60053116881383,21.1436710357666,144347,0.0,0.0
2023-07-21,21.240660165173665,21.318251839835924,21.07577716063523,21.1436710357666,173137,0.0,0.0
2023-07-24,21.472173532703422,21.88079676091521,20.781406710743173,20.868968963623047,162500,0.0,0.0
2023-07-25,20.90788595075595,21.57919598452459,20.90788595075595,21.306779861450195,281800,0.0,0.0
2023-07-26,21.374883084300468,21.99754823335205,21.044092745777657,21.209487915039062,215200,0.0,0.0
2023-07-27,21.812694629615383,21.812694629615383,20.518721298014597,20.723031997680664,80100,0.0,0.0
2023-07-28,20.606282962173665,20.771678128615097,20.479803323062768,20.538179397583008,231500,0.0,0.0
2023-07-31,20.674386832421252,20.723031706224344,20.508991663534566,20.625741958618164,126600,0.0,0.0
2023-08-01,20.567365530243965,21.083009719848633,20.528450003005986,21.083009719848633,450600,0.0,0.0
2023-08-02,20.4798029379651,20.66465679243733,20.275492248034944,20.4311580657959,1243900,0.0,0.0
2023-08-03,20.431159331623228,20.61601319754821,20.14901385964914,20.246305465698242,2529500,0.0,0.0
2023-08-04,20.35332637849162,20.586825119147296,20.158743166770375,20.236576080322266,631700,0.0,0.0
2023-08-07,20.197659451551427,20.333866578929506,19.36095428466797,19.36095428466797,2790600,0.0,0.0
2023-08-08,19.069081677594113,19.4582462310791,18.93287269211214,19.4582462310791,552200,0.0,0.0
2023-08-09,19.458245535888885,19.47770422678867,19.000977433841342,19.263662338256836,444100,0.0,0.0
2023-08-10,19.42905749953921,19.42905749953921,19.098267176974463,19.263662338256836,378400,0.0,0.0
2023-08-11,19.944701801462767,19.944701801462767,19.3025798431386,19.847410202026367,337500,0.0,0.0
2023-08-14,20.392242145368268,20.392242145368268,19.05935325327923,19.16637420654297,479400,0.0,0.0
2023-08-15,19.166373335773432,19.166373335773432,18.36858367919922,18.36858367919922,583300,0.0,0.0
2023-08-16,18.310208819155143,18.310208819155143,17.89185624169818,18.174001693725586,907200,0.0,0.0
2023-08-17,18.183732091591846,18.485334396362305,17.91131596928378,18.485334396362305,1170300,0.0,0.0
2023-08-18,18.553437574815305,18.923145294189453,18.37831306097313,18.923145294189453,374100,0.0,0.0
2023-08-21,18.82585318956992,18.82585318956992,18.10589831738672,18.232376098632812,282000,0.0,0.0
2023-08-22,18.232377301321918,18.60208503522809,18.13508569473171,18.582626342773438,662700,0.0,0.0
2023-08-23,18.60208343441243,18.73829055850749,18.35885536670961,18.67018699645996,402700,0.0,0.0
2023-08-24,18.77720723504936,18.77720723504936,18.144814591405666,18.456146240234375,572900,0.0,0.0
2023-08-25,18.388043047953868,18.388043047953868,17.716733006713284,17.998878479003906,301900,0.0,0.0
2023-08-28,17.979419071674148,18.047522636571834,17.67781677469169,17.78483772277832,580000,0.0,0.0
2023-08-29,17.921045136092786,18.446416827674398,17.54160992241256,18.426959991455078,764200,0.0,0.0
2023-08-30,18.4464168548584,18.50479293065138,18.203188772769973,18.4464168548584,321600,0.0,0.0
2023-08-31,18.37831370584809,18.563167572021484,17.94050426156337,18.563167572021484,811200,0.0,0.0
2023-09-01,18.52425066778663,18.52425066778663,17.93077358426191,18.16427230834961,371600,0.0,0.0
2023-09-04,18.028065301866544,18.38804180798976,17.911315011212878,18.19346046447754,241600,0.0,0.0
2023-09-05,17.99887799049652,18.03779537417678,17.78483794730406,17.852941513061523,327400,0.0,0.0
2023-09-06,17.765378064207553,17.950231912927443,17.50269130902921,17.512420654296875,213400,0.0,0.0
2023-09-08,17.52215092627805,17.52215092627805,17.162172555067354,17.220548629760742,324600,0.0,0.0
2023-09-11,17.424858619463546,17.48323283611327,16.967590520288752,17.025964736938477,468500,0.0,0.0
2023-09-12,16.967592017598367,17.463777542114258,16.889759103302723,17.463777542114258,816100,0.0,0.0
2023-09-13,17.561065673828125,18.26156369357558,17.14271495786914,17.561065673828125,725300,0.0,0.0
2023-09-14,17.551338264079625,17.62917117155232,17.230275433111515,17.580524444580078,337900,0.0,0.0
2023-09-15,17.4443184689594,17.590254948118808,17.12325747253549,17.35675621032715,160100,0.0,0.0
2023-09-18,17.35675632815185,17.385944366455078,17.09406955047188,17.385944366455078,261000,0.0,0.0
2023-09-19,17.278922809020745,17.278922809020745,16.938403130157884,17.210819244384766,439700,0.0,0.0
2023-09-20,17.317838028033183,17.317838028033183,17.07460995541652,17.12325668334961,248700,0.0,0.0
2023-09-21,16.977319705820285,16.98704719543457,16.588153316665455,16.98704719543457,209700,0.0,0.0
2023-09-22,17.220547771200614,17.220547771200614,16.70490360454848,16.98704719543457,372600,0.0,0.0
2023-09-25,17.0065076124717,17.016236958756547,16.802196907539074,16.928674697875977,458000,0.0,0.0
2023-09-26,16.442218637080604,16.802197029500704,16.247637277020424,16.393573760986328,619300,0.0,0.0
2023-09-27,16.558968593666602,16.597884122596977,16.140615987487628,16.296281814575195,829900,0.0,0.0
2023-09-28,16.25736457363548,16.451947787056078,16.208719698121858,16.344926834106445,337100,0.0,0.0
2023-09-29,16.695175728447467,16.77300864199125,16.043324381637138,16.296281814575195,473500,0.0,0.0
2023-10-02,16.344925816566292,16.344925816566292,15.683347014625026,15.76117992401123,544700,0.0,0.0
2023-10-03,15.809824864141069,16.101697811667417,15.702803917396032,15.790366172790527,478300,0.0,0.0
2023-10-04,16.00440779540056,16.00440779540056,15.488763617436323,15.712532997131348,646000,0.0,0.0
2023-10-05,16.627071225784135,16.627071225784135,15.196889896142162,15.479034423828125,464400,0.0,0.0
2023-10-06,15.235806991588156,15.420660854513251,14.905016649799252,15.391472816467285,833300,0.0,0.0
2023-10-09,15.187160478467483,15.7319917678833,14.885558188842042,15.7319917678833,653700,0.0,0.0
2023-10-10,15.809825204882078,16.17953107009573,15.605514508346818,16.16007423400879,489500,0.0,0.0
2023-10-11,16.198989575248977,16.198989575248977,15.488764034975562,15.829283714294434,647600,0.0,0.0
2023-10-13,15.712533932557815,15.751451316917107,15.37201516998761,15.420660972595215,284300,0.0,0.0
2023-10-16,15.547138517389728,15.69307499508999,15.031495244628436,15.634700775146484,552400,0.0,0.0
2023-10-17,15.449847964717712,15.683347629877911,15.31363990402772,15.391472816467285,344400,0.0,0.0
2023-10-18,15.235806583285502,15.235806583285502,14.710433974477088,14.992578506469727,1878300,0.0,0.0
2023-10-19,14.96339173870778,15.294182079184834,14.96339173870778,15.08987045288086,562800,0.0,0.0
2023-10-20,15.041224190773368,15.235806465148926,14.895287716952069,15.235806465148926,796000,0.0,0.0
2023-10-23,15.012037419649701,15.449847778814597,14.97312096389819,15.333098411560059,267300,0.0,0.0
2023-10-24,15.469305722415648,15.683347623296893,15.274723441398386,15.663888931274414,209900,0.0,0.0
2023-10-25,15.654158995835589,15.741721250956742,15.119057047305235,15.216348648071289,326900,0.0,0.0
2023-10-26,15.196890528991482,15.693075113625124,15.138516308607054,15.663888931274414,359200,0.0,0.0
2023-10-27,15.829283824227737,15.848742515908633,15.031495094299316,15.031495094299316,1573300,0.0,0.0
2023-10-30,15.060682137249069,15.264993759785773,14.72989273071289,14.72989273071289,665600,0.0,0.0
2023-10-31,14.710434160164905,14.905016438505413,14.399102514820088,14.486664772033691,618200,0.0,0.0
2023-11-01,14.46720625714785,14.574226279583131,14.262894630432129,14.262894630432129,338400,0.0,0.0
2023-11-03,14.700704719765472,15.109327965573938,14.535309552279118,15.02176570892334,490700,0.0,0.0
2023-11-06,15.128787124553492,15.15797423505816,14.496393544675568,14.593685150146484,354500,0.0,0.0
2023-11-07,14.467206310182817,14.914746021398761,14.447748545960302,14.836913108825684,251600,0.0,0.0
2023-11-08,14.943932460390428,15.138515660924192,14.564497260600815,14.642330169677734,270800,0.0,0.0
2023-11-09,14.671517931124603,15.031495383575413,14.45747695772305,14.554768562316895,166100,0.0,0.0
2023-11-10,14.613143671108968,14.8758295182553,14.496393374775597,14.545039176940918,186400,0.0,0.0
2023-11-13,14.690976711125264,14.700705129369682,14.155874738338833,14.301811218261719,336900,0.0,0.0
2023-11-14,14.496393169680836,14.496393169680836,13.601313762731904,13.649959564208984,736400,0.0,0.0
2023-11-16,13.649959353937511,14.19479065197326,13.533209988895882,13.86400032043457,2298000,0.0,0.0
2023-11-17,13.9710201653411,14.029395311053868,13.68887563805256,13.815354347229004,788200,0.0,0.0
2023-11-20,13.922375443274644,14.233707082857881,13.620772221547277,14.136415481567383,1020500,0.0,0.0
2023-11-21,14.078041018050811,14.39910199774362,13.815354255843172,14.340726852416992,415300,0.0,0.0
2023-11-22,14.44774857266799,14.506122793284954,13.854271453399315,14.282353401184082,401900,0.0,0.0
2023-11-23,14.233707242420401,14.73962116241455,13.980749818502584,14.73962116241455,4837000,0.0,0.0
2023-11-24,14.759079650293314,14.788266759468168,14.272623500785535,14.399102210998535,336600,0.0,0.0
2023-11-27,14.418559875992084,14.418559875992084,13.902916620832384,14.097498893737793,392100,0.0,0.0
2023-11-28,14.087769973215922,14.214248686381168,13.756980563216233,13.94183349609375,1130100,0.0,0.0
2023-11-29,13.825083638973338,13.951562347657152,13.659688475913075,13.795896530151367,311000,0.0,0.0
2023-11-30,13.727792382003372,13.756980419395859,13.270524263618881,13.620772361755371,1362200,0.0,0.0
2023-12-01,13.56239734634937,13.922375721616158,13.397003105395255,13.659688949584961,1189400,0.0,0.0
2023-12-04,13.805624886380498,13.834812922913937,13.484563907244308,13.504022598266602,498900,0.0,0.0
2023-12-05,13.572126914416174,13.971020824097277,13.455377545327181,13.727792739868164,397700,0.0,0.0
2023-12-06,13.69860561608339,13.951563046114838,13.69860561608339,13.718064308166504,510200,0.0,0.0
2023-12-07,13.523480929686013,13.922375761830946,13.484564473847664,13.669418334960938,598100,0.0,0.0
2023-12-08,13.766708662825497,13.766708662825497,13.397002805622417,13.572126388549805,456600,0.0,0.0
2023-12-11,13.51375234150737,13.825083984295361,13.377544283866882,13.620772361755371,6014400,0.0,0.0
2023-12-12,13.747250610924795,13.912645772549793,13.591584794769844,13.766708374023438,300800,0.0,0.0
2023-12-13,13.679147832338328,14.554768562316895,13.601313991958351,14.554768562316895,1045000,0.0,0.0
2023-12-14,14.593684228518242,14.681246482343985,14.04885294240332,14.330997467041016,600400,0.0,0.0
2023-12-15,14.301810696517625,14.330997805869126,13.591585159301758,13.591585159301758,2885100,0.0,0.0
2023-12-18,13.718063731722882,13.971020223283398,13.280252456665039,13.280252456665039,714600,0.0,0.0
2023-12-19,13.377543878717217,13.387273224220051,12.677046775817871,12.677046775817871,1014500,0.0,0.0
2023-12-20,12.725693144779727,13.144045741702236,12.725693144779727,12.842442512512207,640700,0.0,0.0
2023-12-21,13.328898858003416,13.649959855628552,13.095400119338136,13.173233032226562,2387900,0.0,0.0
2023-12-22,13.18296222417835,14.078041639772552,13.144045768189104,13.688876152038574,3181200,0.0,0.0
2023-12-26,13.71806408629107,13.805625415724352,13.289982145801398,13.377544403076172,1203500,0.0,0.0
2023-12-27,13.348357083075808,13.737521633900737,13.328898391613823,13.591585159301758,1181900,0.0,0.0
2023-12-28,13.766708662825497,13.844541572535775,13.406731223455097,13.572126388549805,7392800,0.0,0.0
2024-01-02,13.698605203026647,13.708334548774832,12.998108082462362,13.046753883361816,2131600,0.0,0.0
2024-01-03,13.04675381115361,13.04675381115361,12.472735404968262,12.472735404968262,732700,0.0,0.0
2024-01-04,12.53111035640166,12.53111035640166,12.093300013221715,12.141944885253906,835600,0.0,0.0
2024-01-05,12.14194536938717,12.686776679581389,12.09330049541537,12.560297966003418,1247000,0.0,0.0
2024-01-08,12.570026913446572,13.36781469766422,12.404631749229527,13.270524024963379,2336600,0.0,0.0
2024-01-09,13.134316069207925,13.29971123467712,12.706235064832137,12.74515151977539,500100,0.0,0.0
2024-01-10,12.832713021951788,12.832713021951788,12.385173320100227,12.521381378173828,456500,0.0,0.0
2024-01-11,12.550568260891387,12.677046970849698,12.453277587890625,12.453277587890625,297500,0.0,0.0
2024-01-12,12.511651551315603,12.85217121948706,12.385172843933105,12.385172843933105,571600,0.0,0.0
2024-01-15,12.39490274719305,12.463007240597106,12.190591122663868,12.268424034118652,515700,0.0,0.0
2024-01-16,12.239237217649192,12.326799477095001,11.704135242690421,11.79169750213623,732800,0.0,0.0
2024-01-17,11.791696682336918,11.918175389649685,11.645760211967584,11.830613136291504,744700,0.0,0.0
2024-01-18,11.83061334897103,12.132216568422095,11.733322676256291,11.888988494873047,697800,0.0,0.0
2024-01-19,11.86953025095607,12.132217025652906,11.67494797035184,12.025196075439453,531800,0.0,0.0
2024-01-22,12.015466938592565,12.025195356159752,11.266324043273926,11.266324043273926,504100,0.0,0.0
2024-01-23,11.276054172410312,11.597115170478537,11.07174254383585,11.217679023742676,464800,0.0,0.0
2024-01-24,11.256594809672468,11.256594809672468,10.877159613381503,11.023096084594727,904500,0.0,0.0
2024-01-25,11.062012844600105,11.159304446659663,10.906347023577998,11.110658645629883,305100,0.0,0.0
2024-01-26,11.169033256214849,11.169033256214849,10.916076752105194,10.945263862609863,251400,0.0,0.0
2024-01-29,10.945262961193675,10.945262961193675,9.534540365097,9.592914581298828,1984200,0.0,0.0
2024-01-30,9.641560859045057,9.87505959113605,9.505353729246053,9.72912311553955,1188700,0.0,0.0
2024-01-31,9.758310566824692,10.020997345507412,9.719394110113345,9.826415061950684,860500,0.0,0.0
2024-02-01,9.894518761111755,9.894518761111755,9.53454129977356,9.583187103271484,1227700,0.0,0.0
2024-02-02,9.622102969485049,9.72912298833379,8.746481343830125,9.13564682006836,2622200,0.0,0.0
2024-02-05,9.135647128915268,9.16483423907138,8.795127441675119,8.950793266296387,712200,0.0,0.0
2024-02-06,8.921606325711961,9.087001499476075,8.804856955026972,8.999439239501953,1388900,0.0,0.0
2024-02-07,8.941063998794471,9.077272060454659,8.872960431885133,8.97025203704834,1138300,0.0,0.0
2024-02-08,8.999438602977875,8.999438602977875,8.405962445344962,8.542169570922852,1235100,0.0,0.0
2024-02-09,8.600545050638075,8.71729441760728,8.036255979699513,8.357316970825195,1983000,0.0,0.0
2024-02-14,8.337858227313001,8.337858227313001,7.812485615292467,7.929234981536865,982200,0.0,0.0
2024-02-15,7.948693837582981,7.9876102938027636,7.257926043800714,7.695736408233643,3713600,0.0,0.0
2024-02-16,7.773568973708866,7.95842282838322,7.549799592393183,7.734652519226074,1856800,0.0,0.0
2024-02-19,7.686007231558105,7.686007231558105,7.364946248089802,7.47196626663208,1842400,0.0,0.0
2024-02-20,7.608174257319283,7.647090711716151,7.43304974861265,7.58871603012085,1943100,0.0,0.0
2024-02-21,7.6081743132123725,7.754110786312375,7.2968422118295155,7.744381904602051,1316200,0.0,0.0
2024-02-22,7.734652666027421,8.10435945455159,7.578986845141767,8.055713653564453,2585000,0.0,0.0
2024-02-23,7.9778808621800845,8.172463141191015,7.851402148862606,7.948693752288818,1358200,0.0,0.0
2024-02-26,7.870860838907923,8.153005375370464,7.763840353515694,8.084901809692383,1638700,0.0,0.0
2024-02-27,8.182192248245272,8.386503867202805,8.104359338913017,8.298941612243652,1223400,0.0,0.0
2024-02-28,8.279484241856,8.474066524423398,8.172463290562797,8.415691375732422,1150000,0.0,0.0
2024-02-29,8.415690703611517,8.415690703611517,8.065442622962838,8.221108436584473,1306600,0.0,0.0
2024-03-01,8.221108516523794,8.318400114904065,8.084901392201148,8.240567207336426,1006200,0.0,0.0
2024-03-04,8.240567552696746,8.308671117712272,7.929234981536865,7.929234981536865,1133600,0.0,0.0
2024-03-05,7.977880574089525,8.114088628399292,7.578986684561268,7.58871603012085,994600,0.0,0.0
2024-03-06,7.705465482430527,7.705465482430527,7.111988850133232,7.199551105499268,2579700,0.0,0.0
2024-03-07,7.199551251857675,7.501154015013238,7.102260112762451,7.102260112762451,996200,0.0,0.0
2024-03-08,7.053614036867675,7.248196307488837,6.946593556065672,7.160634517669678,770700,0.0,0.0
2024-03-11,7.160634808492275,7.4135917705734,7.160634808492275,7.248196601867676,753700,0.0,0.0
2024-03-12,7.306571749345604,7.481695800017152,7.228738374015282,7.248196601867676,617800,0.0,0.0
2024-03-13,7.248196601867676,7.384404660755181,7.199551264197063,7.248196601867676,463000,0.0,0.0
2024-03-14,7.248196589444913,7.306571736822792,7.082801884943407,7.102260112762451,640200,0.0,0.0
2024-03-15,7.141176357097896,7.248196374975618,7.102259902611318,7.180092811584473,717000,0.0,0.0
2024-03-18,7.180092957034971,7.267654749443184,7.024426672014526,7.082801818847656,866300,0.0,0.0
2024-03-19,7.034156151250652,7.170363747297121,6.966052121267043,6.985510349273682,684700,0.0,0.0
2024-03-20,6.956323207685279,7.394133567810059,6.956323207685279,7.394133567810059,881000,0.0,0.0
2024-03-21,7.39413355321637,7.734652773076982,7.2871130679159215,7.530341148376465,807000,0.0,0.0
2024-03-22,7.4427790867825845,7.588716022586308,6.644990844597433,6.761740207672119,1583100,0.0,0.0
2024-03-25,6.771469470237906,6.8201152695499045,6.236367533488822,6.323929786682129,1252300,0.0,0.0
2024-03-26,6.3336591826447775,6.3336591826447775,5.438579808391992,5.788827896118164,3403100,0.0,0.0
2024-03-27,5.788828129392634,6.411492349394563,5.71099521787258,6.275284290313721,2546000,0.0,0.0
2024-03-28,6.226638914228794,6.226638914228794,5.905577924225374,5.983410835266113,1078000,0.0,0.0
2024-04-01,5.993139502567967,6.489324988565099,5.934764821377844,6.3336591720581055,4329500,0.0,0.0
2024-04-02,6.255825760429476,6.401762694444747,6.226638651978856,6.323929786682129,1191700,0.0,0.0
2024-04-03,6.265555303107179,6.421221123532958,6.17799304715731,6.382304668426514,962400,0.0,0.0
2024-04-04,6.343388074847714,6.6158037185668945,6.343388074847714,6.6158037185668945,706200,0.0,0.0
2024-04-05,6.576887461748293,6.732553283449072,6.547699888219025,6.674178600311279,3573600,0.0,0.0
2024-04-08,6.732553295755789,7.0730725133090635,6.576887473770463,6.956323146820068,5803700,0.0,0.0
2024-04-09,7.024426726058568,7.199551240063837,6.800656874545748,6.820115566253662,513600,0.0,0.0
2024-04-10,6.820115499632808,6.820115499632808,6.469866938964344,6.664449214935303,1263200,0.0,0.0
2024-04-11,6.625532617418318,6.800656662030348,6.567157935880974,6.761740207672119,618500,0.0,0.0
2024-04-12,6.722823735813066,6.781198417198448,6.489325010271535,6.6158037185668945,1726800,0.0,0.0
2024-04-15,6.654720108593979,6.654720108593979,6.226638651978856,6.323929786682129,1320300,0.0,0.0
2024-04-16,6.285013702146822,6.5185124391564955,6.1001603033871215,6.294742584228516,1477000,0.0,0.0
2024-04-17,6.285013454583531,6.674178464858072,6.285013454583531,6.499053955078125,2618300,0.0,0.0
2024-04-18,6.4698671177390805,6.528241802143372,6.158535003662109,6.158535003662109,790900,0.0,0.0
2024-04-19,6.207180845555866,6.392034245975704,6.129347932520305,6.168264389038086,557000,0.0,0.0
2024-04-22,6.2071805944185,6.460137551549647,6.168264139475246,6.372575759887695,551200,0.0,0.0
2024-04-23,6.265555474062682,6.489325328990662,6.226639017894404,6.294742584228516,649700,0.0,0.0
2024-04-24,6.323929921785618,6.372575722136879,5.672078609466553,5.672078609466553,1199400,0.0,0.0
2024-04-25,5.720724546185959,5.730453428135683,5.24399726871009,5.292643070220947,1247100,0.0,0.0
2024-04-26,5.341288474268814,5.477496534625654,5.2245391058950235,5.312101364135742,1634900,0.0,0.0
2024-04-29,5.360747114288599,5.496954709404388,5.059143886365373,5.156435489654541,2278500,0.0,0.0
2024-04-30,5.185622686459272,5.20508091465924,4.884019917399398,4.903478145599365,2001000,0.0,0.0
2024-05-02,5.0,5.340000152587891,5.0,5.03000020980835,2702800,0.136522,0.0
2024-05-03,5.099999904632568,5.480000019073486,5.099999904632568,5.420000076293945,1645900,0.0,0.0
2024-05-06,5.329999923706055,5.480000019073486,4.389999866485596,4.670000076293945,4063100,0.0,0.0
2024-05-07,4.769999980926514,4.829999923706055,4.53000020980835,4.619999885559082,1929200,0.0,0.0
2024-05-08,4.630000114440918,4.739999771118164,4.389999866485596,4.460000038146973,2243700,0.0,0.0
2024-05-09,4.440000057220459,4.579999923706055,4.380000114440918,4.400000095367432,2272300,0.0,0.0
2024-05-10,4.070000171661377,4.070000171661377,3.3299999237060547,3.5299999713897705,12481200,0.0,0.0
2024-05-13,3.5299999713897705,3.569999933242798,3.059999942779541,3.109999895095825,5285000,0.0,0.0
2024-05-14,3.069999933242798,3.2799999713897705,3.0199999809265137,3.25,4129000,0.0,0.0
2024-05-15,3.25,3.359999895095825,3.190000057220459,3.309999942779541,2111300,0.0,0.0
2024-05-16,3.3399999141693115,3.3399999141693115,3.200000047683716,3.2100000381469727,1666000,0.0,0.0
2024-05-17,3.2100000381469727,3.2200000286102295,3.0999999046325684,3.0999999046325684,1539900,0.0,0.0
2024-05-20,3.109999895095825,3.190000057220459,3.0799999237060547,3.140000104904175,1141500,0.0,0.0
2024-05-21,3.140000104904175,3.2899999618530273,3.130000114440918,3.1700000762939453,2139000,0.0,0.0
2024-05-22,3.200000047683716,3.200000047683716,3.0199999809265137,3.0199999809265137,1775200,0.0,0.0
2024-05-23,3.069999933242798,3.109999895095825,2.9800000190734863,3.0899999141693115,2194700,0.0,0.0
2024-05-24,3.130000114440918,3.190000057220459,3.0299999713897705,3.0399999618530273,1074800,0.0,0.0
2024-05-27,3.109999895095825,3.109999895095825,2.880000114440918,3.0,1596800,0.0,0.0
2024-05-28,3.0299999713897705,3.0999999046325684,2.890000104904175,2.890000104904175,1174600,0.0,0.0
2024-05-29,2.930000066757202,2.9700000286102295,2.759999990463257,2.759999990463257,1428200,0.0,0.0
2024-05-31,2.7799999713897705,2.9000000953674316,2.740000009536743,2.9000000953674316,1404600,0.0,0.0
2024-06-03,2.9200000762939453,2.9700000286102295,2.8399999141693115,2.8399999141693115,1733800,0.0,0.0
2024-06-04,2.8499999046325684,2.880000114440918,2.7200000286102295,2.7200000286102295,2276100,0.0,0.0
2024-06-05,2.7799999713897705,2.7799999713897705,2.4800000190734863,2.4800000190734863,2471500,0.0,0.0
2024-06-06,2.4600000381469727,2.5299999713897705,2.369999885559082,2.4200000762939453,3460200,0.0,0.0
2024-06-07,2.369999885559082,2.430000066757202,2.319999933242798,2.369999885559082,1681500,0.0,0.0
2024-06-10,2.4100000858306885,2.509999990463257,2.3299999237060547,2.5,1171200,0.0,0.0
2024-06-11,2.5299999713897705,2.619999885559082,2.509999990463257,2.549999952316284,1121400,0.0,0.0
2024-06-12,2.5999999046325684,2.6500000953674316,2.2699999809265137,2.2699999809265137,1695700,0.0,0.0
2024-06-13,2.2899999618530273,2.2899999618530273,2.130000114440918,2.2100000381469727,1963100,0.0,0.0
2024-06-14,2.190000057220459,2.2899999618530273,2.140000104904175,2.140000104904175,1043000,0.0,0.0
2024-06-17,2.1600000858306885,2.190000057220459,2.0299999713897705,2.0399999618530273,1685100,0.0,0.0
2024-06-18,2.0399999618530273,2.140000104904175,2.0399999618530273,2.0799999237060547,1499000,0.0,0.0
2024-06-19,2.0999999046325684,2.140000104904175,2.009999990463257,2.0899999141693115,868500,0.0,0.0
2024-06-20,2.109999895095825,2.190000057220459,2.0199999809265137,2.0199999809265137,1471000,0.0,0.0
2024-06-21,2.009999990463257,2.109999895095825,1.9800000190734863,2.0299999713897705,1823900,0.0,0.0
2024-06-24,2.0399999618530273,2.1700000762939453,2.0399999618530273,2.069999933242798,1158900,0.0,0.0
2024-06-25,2.059999942779541,2.1600000858306885,2.0199999809265137,2.109999895095825,1224600,0.0,0.0
2024-06-26,2.059999942779541,2.240000009536743,2.059999942779541,2.119999885559082,1698300,0.0,0.0
2024-06-27,2.130000114440918,2.319999933242798,2.119999885559082,2.319999933242798,1809400,0.0,0.0
2024-06-28,2.3299999237060547,2.430000066757202,2.2200000286102295,2.240000009536743,1734900,0.0,0.0
2024-07-01,2.2200000286102295,2.2899999618530273,2.130000114440918,2.130000114440918,1578900,0.0,0.0
2024-07-02,2.1700000762939453,2.4000000953674316,2.119999885559082,2.4000000953674316,2025500,0.0,0.0
2024-07-03,2.450000047683716,2.7300000190734863,2.430000066757202,2.4800000190734863,4153800,0.0,0.0
2024-07-04,2.549999952316284,2.740000009536743,2.359999895095825,2.6600000858306885,3858000,0.0,0.0
2024-07-05,2.6700000762939453,2.8499999046325684,2.490000009536743,2.8499999046325684,3064100,0.0,0.0
2024-07-08,2.809999942779541,3.1500000953674316,2.75,3.140000104904175,3080900,0.0,0.0
2024-07-09,3.109999895095825,3.1700000762939453,2.9800000190734863,3.109999895095825,3830800,0.0,0.0
2024-07-10,3.1500000953674316,3.1500000953674316,2.630000114440918,2.630000114440918,6149000,0.0,0.0
2024-07-11,2.6500000953674316,2.9000000953674316,2.549999952316284,2.819999933242798,5180000,0.0,0.0
2024-07-12,2.809999942779541,2.859999895095825,2.630000114440918,2.630000114440918,2879300,0.0,0.0
2024-07-15,2.640000104904175,2.690000057220459,2.549999952316284,2.549999952316284,1750600,0.0,0.0
2024-07-16,2.559999942779541,2.609999895095825,2.4200000762939453,2.4700000286102295,3094400,0.0,0.0
2024-07-17,2.4800000190734863,2.5299999713897705,2.380000114440918,2.4000000953674316,1644400,0.0,0.0
2024-07-18,2.390000104904175,2.4000000953674316,2.2799999713897705,2.319999933242798,3038100,0.0,0.0
2024-07-19,2.319999933242798,2.430000066757202,2.319999933242798,2.369999885559082,2041100,0.0,0.0
2024-07-22,2.390000104904175,2.5,2.3399999141693115,2.4800000190734863,1713900,0.0,0.0
2024-07-23,2.5,2.5,2.319999933242798,2.319999933242798,1439500,0.0,0.0
2024-07-24,2.319999933242798,2.369999885559082,2.2300000190734863,2.2300000190734863,2184700,0.0,0.0
2024-07-25,2.259999990463257,2.3299999237060547,2.190000057220459,2.259999990463257,1396100,0.0,0.0
2024-07-26,2.2699999809265137,2.369999885559082,2.200000047683716,2.200000047683716,1158400,0.0,0.0
2024-07-29,2.2300000190734863,2.259999990463257,2.1500000953674316,2.190000057220459,1696800,0.0,0.0
2024-07-30,2.190000057220459,2.3399999141693115,2.1500000953674316,2.2699999809265137,2406000,0.0,0.0
2024-07-31,2.2699999809265137,2.4000000953674316,2.259999990463257,2.2799999713897705,2460400,0.0,0.0
2024-08-01,2.2699999809265137,2.390000104904175,2.130000114440918,2.130000114440918,3222900,0.0,0.0
2024-08-02,2.140000104904175,2.25,2.0999999046325684,2.200000047683716,1927900,0.0,0.0
2024-08-05,2.109999895095825,2.299999952316284,2.0999999046325684,2.299999952316284,3249500,0.0,0.0
2024-08-06,2.299999952316284,2.5199999809265137,2.2799999713897705,2.440000057220459,3822000,0.0,0.0
2024-08-07,2.490000009536743,2.6600000858306885,2.369999885559082,2.559999942779541,3874800,0.0,0.0
2024-08-08,2.5899999141693115,2.7200000286102295,2.5399999618530273,2.700000047683716,4185400,0.0,0.0
2024-08-09,2.690000057220459,2.7799999713897705,2.5899999141693115,2.7100000381469727,3502200,0.0,0.0
2024-08-12,2.7100000381469727,2.819999933242798,2.640000104904175,2.640000104904175,3082800,0.0,0.0
2024-08-13,2.4800000190734863,2.4800000190734863,1.9900000095367432,2.0999999046325684,14723600,0.0,0.0
2024-08-14,2.119999885559082,2.2799999713897705,2.059999942779541,2.2799999713897705,7430700,0.0,0.0
2024-08-15,2.2799999713897705,2.2799999713897705,2.0899999141693115,2.1700000762939453,4189200,0.0,0.0
2024-08-16,2.1700000762939453,2.190000057220459,1.8899999856948853,2.0299999713897705,9395900,0.0,0.0
2024-08-19,2.0299999713897705,2.0999999046325684,1.9500000476837158,2.0999999046325684,3773900,0.0,0.0
2024-08-20,2.0999999046325684,2.1500000953674316,1.9900000095367432,2.0199999809265137,5056100,0.0,0.0
2024-08-21,2.0299999713897705,2.119999885559082,2.009999990463257,2.0899999141693115,1644300,0.0,0.0
2024-08-22,2.0799999237060547,2.0899999141693115,2.0199999809265137,2.0299999713897705,1132100,0.0,0.0
2024-08-23,2.0399999618530273,2.0899999141693115,2.0299999713897705,2.0399999618530273,1367700,0.0,0.0
2024-08-26,2.049999952316284,2.0799999237060547,1.9600000381469727,1.9600000381469727,3709800,0.0,0.0
2024-08-27,1.9800000190734863,2.0399999618530273,1.9600000381469727,2.0199999809265137,2085800,0.0,0.0
2024-08-28,2.0199999809265137,2.0799999237060547,1.9700000286102295,1.9800000190734863,2177600,0.0,0.0
2024-08-29,2.009999990463257,2.0199999809265137,1.899999976158142,1.9299999475479126,2255900,0.0,0.0
2024-08-30,1.9500000476837158,1.9600000381469727,1.899999976158142,1.899999976158142,6475700,0.0,0.0
2024-09-02,1.8600000143051147,1.909999966621399,1.809999942779541,1.850000023841858,2437300,0.0,0.0
2024-09-03,1.840000033378601,1.9199999570846558,1.840000033378601,1.899999976158142,1244900,0.0,0.0
2024-09-04,1.8899999856948853,1.9900000095367432,1.850000023841858,1.899999976158142,2979900,0.0,0.0
2024-09-05,1.899999976158142,2.069999933242798,1.899999976158142,2.0199999809265137,4414900,0.0,0.0
2024-09-06,2.0199999809265137,2.119999885559082,2.009999990463257,2.0199999809265137,2872100,0.0,0.0
2024-09-09,2.0299999713897705,2.0299999713897705,1.9299999475479126,1.9299999475479126,2269900,0.0,0.0
2024-09-10,1.9600000381469727,2.0,1.909999966621399,1.9500000476837158,1619900,0.0,0.0
2024-09-11,1.940000057220459,2.1600000858306885,1.940000057220459,2.140000104904175,3168200,0.0,0.0
2024-09-12,2.119999885559082,2.25,2.069999933242798,2.119999885559082,3325200,0.0,0.0
2024-09-13,2.130000114440918,2.259999990463257,2.130000114440918,2.240000009536743,3316200,0.0,0.0
2024-09-16,2.200000047683716,2.319999933242798,2.1600000858306885,2.2899999618530273,3948100,0.0,0.0
2024-09-17,2.25,2.5199999809265137,2.25,2.430000066757202,6658500,0.0,0.0
2024-09-18,2.440000057220459,2.4800000190734863,2.3499999046325684,2.3499999046325684,2536600,0.0,0.0
2024-09-19,2.3499999046325684,2.430000066757202,2.190000057220459,2.190000057220459,2044800,0.0,0.0
2024-09-20,2.200000047683716,2.200000047683716,1.9199999570846558,1.9299999475479126,10189000,0.0,0.0
2024-09-23,1.940000057220459,1.9600000381469727,1.850000023841858,1.899999976158142,2902300,0.0,0.0
2024-09-24,1.9199999570846558,1.9700000286102295,1.8799999952316284,1.9299999475479126,2108400,0.0,0.0
2024-09-25,1.940000057220459,1.9500000476837158,1.8600000143051147,1.8799999952316284,1897800,0.0,0.0
2024-09-26,1.8899999856948853,1.899999976158142,1.850000023841858,1.8600000143051147,2155500,0.0,0.0
2024-09-27,1.8700000047683716,1.9500000476837158,1.840000033378601,1.8700000047683716,3590000,0.0,0.0
2024-09-30,1.8799999952316284,1.899999976158142,1.8200000524520874,1.8200000524520874,2621800,0.0,0.0
2024-10-01,1.850000023841858,1.8600000143051147,1.7699999809265137,1.7899999618530273,3260900,0.0,0.0
2024-10-02,1.809999942779541,1.8799999952316284,1.7999999523162842,1.8200000524520874,2445300,0.0,0.0
2024-10-03,1.8200000524520874,1.840000033378601,1.7699999809265137,1.7999999523162842,1781300,0.0,0.0
2024-10-04,1.8200000524520874,1.840000033378601,1.7899999618530273,1.7999999523162842,998800,0.0,0.0
2024-10-07,1.7999999523162842,1.8600000143051147,1.7999999523162842,1.8200000524520874,1022200,0.0,0.0
2024-10-08,1.840000033378601,1.850000023841858,1.809999942779541,1.809999942779541,1412900,0.0,0.0
2024-10-09,1.8300000429153442,1.840000033378601,1.7699999809265137,1.7799999713897705,2350200,0.0,0.0
2024-10-10,1.7899999618530273,1.8200000524520874,1.7699999809265137,1.7999999523162842,987900,0.0,0.0
2024-10-11,1.7999999523162842,1.8300000429153442,1.75,1.7799999713897705,2191900,0.0,0.0
2024-10-14,1.7799999713897705,1.850000023841858,1.7699999809265137,1.7899999618530273,2168600,0.0,0.0
2024-10-15,1.809999942779541,1.909999966621399,1.7799999713897705,1.840000033378601,2599400,0.0,0.0
2024-10-16,1.8600000143051147,2.0199999809265137,1.8300000429153442,1.9900000095367432,3734400,0.0,0.0
2024-10-17,1.9900000095367432,2.0299999713897705,1.9299999475479126,2.0,3738400,0.0,0.0
2024-10-18,2.009999990463257,2.0299999713897705,1.8600000143051147,1.9900000095367432,4188500,0.0,0.0
2024-10-21,1.9800000190734863,2.0,1.909999966621399,1.9299999475479126,1503100,0.0,0.0
2024-10-22,1.9299999475479126,1.9700000286102295,1.8700000047683716,1.899999976158142,1593400,0.0,0.0
2024-10-23,1.909999966621399,1.909999966621399,1.8300000429153442,1.840000033378601,1669600,0.0,0.0
2024-10-24,1.850000023841858,1.9800000190734863,1.8200000524520874,1.9700000286102295,2557400,0.0,0.0
2024-10-25,1.9700000286102295,2.059999942779541,1.9299999475479126,1.9299999475479126,3692700,0.0,0.0
2024-10-28,1.9700000286102295,2.119999885559082,1.9299999475479126,2.009999990463257,4959600,0.0,0.0
2024-10-29,2.0399999618530273,2.059999942779541,1.9600000381469727,1.9700000286102295,1153300,0.0,0.0
2024-10-30,2.0,2.0799999237060547,1.940000057220459,2.069999933242798,2195400,0.0,0.0
2024-10-31,2.069999933242798,2.109999895095825,2.0299999713897705,2.069999933242798,2694000,0.0,0.0
2024-11-01,2.049999952316284,2.2200000286102295,1.9600000381469727,2.069999933242798,6014000,0.0,0.0
2024-11-04,2.0899999141693115,2.3299999237060547,2.0899999141693115,2.309999942779541,5421700,0.0,0.0
2024-11-05,2.2899999618530273,2.7899999618530273,2.2899999618530273,2.7300000190734863,9484700,0.0,0.0
2024-11-06,2.700000047683716,2.940000057220459,2.5199999809265137,2.7100000381469727,6156800,0.0,0.0
2024-11-07,2.7200000286102295,2.7699999809265137,2.259999990463257,2.4000000953674316,5315400,0.0,0.0
2024-11-08,2.369999885559082,2.4000000953674316,2.2699999809265137,2.3499999046325684,1854200,0.0,0.0
2024-11-11,2.4000000953674316,2.4000000953674316,2.299999952316284,2.3299999237060547,1228900,0.0,0.0
2024-11-12,2.3399999141693115,2.3499999046325684,2.2300000190734863,2.240000009536743,1253400,0.0,0.0
2024-11-13,2.259999990463257,2.3299999237060547,2.190000057220459,2.2200000286102295,1240200,0.0,0.0
2024-11-14,2.0,2.0999999046325684,1.9299999475479126,1.9299999475479126,7729200,0.0,0.0
2024-11-18,1.940000057220459,2.049999952316284,1.9299999475479126,1.9900000095367432,2247300,0.0,0.0
2024-11-19,1.9900000095367432,2.049999952316284,1.9500000476837158,1.9500000476837158,1304200,0.0,0.0
2024-11-21,1.9600000381469727,1.9700000286102295,1.909999966621399,1.909999966621399,1189500,0.0,0.0
2024-11-22,1.940000057220459,1.9900000095367432,1.899999976158142,1.9500000476837158,2547400,0.0,0.0
2024-11-25,1.9299999475479126,1.9800000190734863,1.909999966621399,1.940000057220459,1449100,0.0,0.0
2024-11-26,1.9500000476837158,2.0999999046325684,1.9299999475479126,2.0399999618530273,3497700,0.0,0.0
2024-11-27,2.0299999713897705,2.1600000858306885,1.9900000095367432,2.0399999618530273,4828400,0.0,0.0
2024-11-28,2.0399999618530273,2.059999942779541,1.909999966621399,1.940000057220459,3002000,0.0,0.0
2024-11-29,1.940000057220459,2.0199999809265137,1.8799999952316284,1.9800000190734863,4131900,0.0,0.0
2024-12-02,1.9600000381469727,1.9700000286102295,1.9199999570846558,1.9500000476837158,2009300,0.0,0.0
2024-12-03,1.9600000381469727,1.9600000381469727,1.8899999856948853,1.909999966621399,2057500,0.0,0.0
2024-12-04,1.909999966621399,2.0,1.840000033378601,1.9500000476837158,2682500,0.0,0.0
2024-12-05,1.9600000381469727,2.009999990463257,1.909999966621399,1.940000057220459,2384700,0.0,0.0
2024-12-06,1.9199999570846558,1.9500000476837158,1.840000033378601,1.850000023841858,4441000,0.0,0.0
2024-12-09,1.850000023841858,1.8700000047683716,1.8200000524520874,1.8200000524520874,1354500,0.0,0.0
2024-12-10,1.8700000047683716,1.9299999475479126,1.809999942779541,1.8799999952316284,2121700,0.0,0.0
2024-12-11,1.8899999856948853,1.909999966621399,1.840000033378601,1.8899999856948853,3618200,0.0,0.0
2024-12-12,1.8700000047683716,1.8700000047683716,1.7999999523162842,1.8200000524520874,2236400,0.0,0.0
2024-12-13,1.809999942779541,1.8899999856948853,1.809999942779541,1.8899999856948853,1067400,0.0,0.0
2024-12-16,1.8899999856948853,1.8899999856948853,1.7699999809265137,1.809999942779541,1435100,0.0,0.0
2024-12-17,1.809999942779541,1.8700000047683716,1.7699999809265137,1.840000033378601,1814800,0.0,0.0
2024-12-18,1.8600000143051147,1.8600000143051147,1.7699999809265137,1.8200000524520874,1404300,0.0,0.0
2024-12-19,1.809999942779541,1.8799999952316284,1.7899999618530273,1.8600000143051147,849200,0.0,0.0
2024-12-20,1.8600000143051147,2.119999885559082,1.8200000524520874,2.0399999618530273,2571300,0.0,0.0
2024-12-23,2.049999952316284,2.0899999141693115,1.9600000381469727,1.9800000190734863,949500,0.0,0.0
2024-12-26,1.940000057220459,2.0899999141693115,1.9199999570846558,2.009999990463257,899400,0.0,0.0
2024-12-27,2.0299999713897705,2.200000047683716,1.9600000381469727,2.119999885559082,2935100,0.0,0.0
2024-12-30,2.0899999141693115,2.140000104904175,1.9700000286102295,2.049999952316284,1637700,0.0,0.0
2025-01-02,2.009999990463257,2.109999895095825,1.9800000190734863,2.009999990463257,1391500,0.0,0.0
2025-01-03,2.0799999237060547,2.109999895095825,1.9600000381469727,2.049999952316284,2400100,0.0,0.0
2025-01-06,2.0399999618530273,2.240000009536743,2.0,2.2100000381469727,3958500,0.0,0.0
2025-01-07,2.2100000381469727,2.259999990463257,2.0,2.0,1776600,0.0,0.0
2025-01-08,2.0,2.0299999713897705,1.940000057220459,2.0,1166400,0.0,0.0
2025-01-09,1.9800000190734863,2.009999990463257,1.8899999856948853,1.909999966621399,2034500,0.0,0.0
2025-01-10,1.909999966621399,1.9299999475479126,1.850000023841858,1.9299999475479126,1870300,0.0,0.0
2025-01-13,1.940000057220459,1.9600000381469727,1.8799999952316284,1.8899999856948853,1486400,0.0,0.0
2025-01-14,1.8899999856948853,1.9299999475479126,1.8300000429153442,1.8300000429153442,1819800,0.0,0.0
2025-01-15,1.850000023841858,1.909999966621399,1.840000033378601,1.8899999856948853,2643200,0.0,0.0
2025-01-16,1.8700000047683716,1.940000057220459,1.850000023841858,1.8799999952316284,2710500,0.0,0.0
2025-01-17,1.899999976158142,2.009999990463257,1.7999999523162842,1.899999976158142,3803500,0.0,0.0
2025-01-20,1.899999976158142,1.9500000476837158,1.8600000143051147,1.8700000047683716,1878500,0.0,0.0
2025-01-21,1.8700000047683716,1.8899999856948853,1.8200000524520874,1.8300000429153442,1545800,0.0,0.0
2025-01-22,1.850000023841858,1.8700000047683716,1.7999999523162842,1.8200000524520874,2588700,0.0,0.0
2025-01-23,1.8200000524520874,1.8600000143051147,1.7699999809265137,1.809999942779541,2828800,0.0,0.0
2025-01-24,1.8300000429153442,1.840000033378601,1.7599999904632568,1.7599999904632568,2723400,0.0,0.0
2025-01-27,1.7599999904632568,1.8200000524520874,1.7100000381469727,1.7200000286102295,3026100,0.0,0.0
2025-01-28,1.7400000095367432,1.7400000095367432,1.6299999952316284,1.6299999952316284,4586100,0.0,0.0
2025-01-29,1.6299999952316284,1.6399999856948853,1.5800000429153442,1.5800000429153442,2063700,0.0,0.0
2025-01-30,1.5800000429153442,1.6399999856948853,1.5399999618530273,1.5700000524520874,4219400,0.0,0.0
2025-01-31,1.5700000524520874,1.6799999475479126,1.5499999523162842,1.659999966621399,3614900,0.0,0.0
2025-02-03,1.6699999570846558,1.6699999570846558,1.5800000429153442,1.600000023841858,1928400,0.0,0.0
2025-02-04,1.5800000429153442,1.6100000143051147,1.559999942779541,1.5800000429153442,1243400,0.0,0.0
2025-02-05,1.5800000429153442,1.600000023841858,1.4800000190734863,1.4800000190734863,2387600,0.0,0.0
2025-02-06,1.5,1.5,1.399999976158142,1.4199999570846558,4099200,0.0,0.0
2025-02-07,1.4199999570846558,1.4299999475479126,1.309999942779541,1.3799999952316284,3799700,0.0,0.0
2025-02-10,1.3700000047683716,1.440000057220459,1.3700000047683716,1.3899999856948853,1524300,0.0,0.0
2025-02-11,1.3700000047683716,1.4199999570846558,1.3600000143051147,1.3899999856948853,1398600,0.0,0.0
2025-02-12,1.399999976158142,1.399999976158142,1.350000023841858,1.3600000143051147,1450400,0.0,0.0
2025-02-13,1.350000023841858,1.440000057220459,1.350000023841858,1.4299999475479126,1981100,0.0,0.0
2025-02-14,1.4199999570846558,1.6200000047683716,1.4199999570846558,1.600000023841858,3077900,0.0,0.0
2025-02-17,1.5700000524520874,1.649999976158142,1.5700000524520874,1.600000023841858,1797500,0.0,0.0
2025-02-18,1.600000023841858,1.6200000047683716,1.5499999523162842,1.5800000429153442,1355500,0.0,0.0
2025-02-19,1.559999942779541,1.5800000429153442,1.5399999618530273,1.5399999618530273,629700,0.0,0.0
2025-02-20,1.559999942779541,1.590000033378601,1.5099999904632568,1.5499999523162842,1696900,0.0,0.0
2025-02-21,1.5499999523162842,1.559999942779541,1.4900000095367432,1.5,1558100,0.0,0.0
2025-02-24,1.5099999904632568,1.5099999904632568,1.4199999570846558,1.4199999570846558,1268500,0.0,0.0
2025-02-25,1.4199999570846558,1.4299999475479126,1.3700000047683716,1.3700000047683716,1425400,0.0,0.0
2025-02-26,1.3899999856948853,1.409999966621399,1.340000033378601,1.340000033378601,1506500,0.0,0.0
2025-02-27,1.3300000429153442,1.409999966621399,1.3300000429153442,1.3600000143051147,1365900,0.0,0.0
2025-02-28,1.350000023841858,1.3600000143051147,1.309999942779541,1.3300000429153442,1411700,0.0,0.0
2025-03-05,1.3300000429153442,1.3300000429153442,1.2799999713897705,1.2799999713897705,1321100,0.0,0.0
2025-03-06,1.2899999618530273,1.3700000047683716,1.2899999618530273,1.3300000429153442,1892200,0.0,0.0
2025-03-07,1.3300000429153442,1.4299999475479126,1.2899999618530273,1.399999976158142,1971800,0.0,0.0
2025-03-10,1.3899999856948853,1.4700000286102295,1.3799999952316284,1.3799999952316284,1683800,0.0,0.0
2025-03-11,1.399999976158142,1.4299999475479126,1.350000023841858,1.399999976158142,1137800,0.0,0.0
2025-03-12,1.3799999952316284,1.4199999570846558,1.3799999952316284,1.409999966621399,712400,0.0,0.0
2025-03-13,1.3899999856948853,1.6200000047683716,1.3899999856948853,1.559999942779541,3604800,0.0,0.0
2025-03-14,1.5499999523162842,1.5499999523162842,1.409999966621399,1.4700000286102295,2412700,0.0,0.0
2025-03-17,1.4500000476837158,1.5399999618530273,1.4500000476837158,1.5199999809265137,1016000,0.0,0.0
2025-03-18,1.5099999904632568,1.5399999618530273,1.4900000095367432,1.5399999618530273,731600,0.0,0.0
2025-03-19,1.5299999713897705,1.5800000429153442,1.5,1.5700000524520874,1238200,0.0,0.0
2025-03-20,1.559999942779541,1.5700000524520874,1.5099999904632568,1.5099999904632568,669700,0.0,0.0
2025-03-21,1.5199999809265137,1.5399999618530273,1.4700000286102295,1.4800000190734863,614100,0.0,0.0
2025-03-24,1.5,1.5199999809265137,1.4700000286102295,1.4700000286102295,521700,0.0,0.0
2025-03-25,1.4700000286102295,1.5499999523162842,1.4600000381469727,1.5,768400,0.0,0.0
2025-03-26,1.5099999904632568,1.600000023841858,1.5,1.5800000429153442,1328100,0.0,0.0
2025-03-27,1.5700000524520874,1.5800000429153442,1.5099999904632568,1.5099999904632568,1303500,0.0,0.0
2025-03-28,1.440000057220459,1.440000057220459,1.340000033378601,1.3799999952316284,3938500,0.0,0.0
2025-03-31,1.3600000143051147,1.440000057220459,1.3600000143051147,1.3799999952316284,1539000,0.0,0.0
2025-04-01,1.399999976158142,1.399999976158142,1.350000023841858,1.399999976158142,1592500,0.0,0.0
2025-04-02,1.399999976158142,1.409999966621399,1.3700000047683716,1.3700000047683716,669700,0.0,0.0
2025-04-03,1.3899999856948853,1.3899999856948853,1.340000033378601,1.340000033378601,1513700,0.0,0.0
2025-04-04,1.3300000429153442,1.340000033378601,1.2699999809265137,1.2899999618530273,1738300,0.0,0.0
2025-04-07,1.2799999713897705,1.309999942779541,1.25,1.2799999713897705,1286200,0.0,0.0
2025-04-08,1.2999999523162842,1.3200000524520874,1.2599999904632568,1.2599999904632568,1118100,0.0,0.0
2025-04-09,1.25,1.3700000047683716,1.25,1.3600000143051147,2855000,0.0,0.0
2025-04-10,1.350000023841858,1.350000023841858,1.25,1.25,1753400,0.0,0.0
2025-04-11,1.2699999809265137,1.2899999618530273,1.25,1.2699999809265137,561600,0.0,0.0
2025-04-14,1.2799999713897705,1.2999999523162842,1.25,1.25,982200,0.0,0.0
2025-04-15,1.25,1.2599999904632568,1.2200000286102295,1.2400000095367432,1385100,0.0,0.0
2025-04-16,1.2400000095367432,1.2799999713897705,1.2300000190734863,1.2799999713897705,2498300,0.0,0.0
2025-04-17,1.2799999713897705,1.2799999713897705,1.2300000190734863,1.25,1863400,0.0,0.0
2025-04-22,1.25,1.2599999904632568,1.2200000286102295,1.2400000095367432,1532500,0.0,0.0
2025-04-23,1.2400000095367432,1.2599999904632568,1.2000000476837158,1.2000000476837158,2490200,0.0,0.0
2025-04-24,1.2000000476837158,1.2799999713897705,1.159999966621399,1.2400000095367432,3587600,0.0,0.0
2025-04-25,1.2200000286102295,1.2400000095367432,1.2000000476837158,1.2100000381469727,874800,0.0,0.0
2025-04-28,1.2100000381469727,1.2300000190734863,1.1200000047683716,1.1299999952316284,1993400,0.0,0.0
2025-04-29,1.1299999952316284,1.2699999809265137,1.1200000047683716,1.2100000381469727,2670300,0.0,0.0
2025-04-30,1.2000000476837158,1.2100000381469727,1.1299999952316284,1.149999976158142,2335300,0.0,0.0
2025-05-02,1.159999966621399,1.1699999570846558,1.1200000047683716,1.1200000047683716,1441400,0.0,0.0
2025-05-05,1.1299999952316284,1.149999976158142,1.1100000143051147,1.1200000047683716,1505600,0.0,0.0
2025-05-06,1.1299999952316284,1.149999976158142,1.1100000143051147,1.1100000143051147,1083700,0.0,0.0
2025-05-07,1.1200000047683716,1.1200000047683716,1.0700000524520874,1.0700000524520874,1578000,0.0,0.0
2025-05-08,1.090000033378601,1.2599999904632568,1.0800000429153442,1.159999966621399,3216200,0.0,0.0
2025-05-09,1.149999976158142,1.2200000286102295,1.1399999856948853,1.159999966621399,1177000,0.0,0.0
2025-05-12,1.1799999475479126,1.2000000476837158,1.1299999952316284,1.1399999856948853,901600,0.0,0.0
2025-05-13,1.149999976158142,1.2200000286102295,1.1299999952316284,1.1699999570846558,1951600,0.0,0.0
2025-05-14,1.1699999570846558,1.2799999713897705,1.1399999856948853,1.2699999809265137,3646600,0.0,0.0
2025-05-15,1.2599999904632568,1.3899999856948853,1.2300000190734863,1.3700000047683716,3691500,0.0,0.0
2025-05-16,1.350000023841858,1.4500000476837158,1.3300000429153442,1.4299999475479126,3039200,0.0,0.0
2025-05-19,1.399999976158142,1.5199999809265137,1.3600000143051147,1.3700000047683716,1786600,0.0,0.0
2025-05-20,1.3899999856948853,1.4900000095367432,1.3799999952316284,1.4500000476837158,1451800,0.0,0.0
